Workbook
Name BackTest: BackTest!$E$16

Sheet EPL DATA
B2: season | C2: date | D2: league_id | E2: league | F2: team1 | G2: team2 | H2: spi1 | I2: spi2 | J2: prob1 | K2: prob2 | L2: probtie | M2: proj_score1 | N2: proj_score2 | O2: importance1 | P2: importance2 | Q2: score1 | R2: score2 | S2: xg1 | T2: xg2 | U2: nsxg1 | V2: nsxg2 | W2: adj_score1 | X2: adj_score2
B3: 2016 | C3: 42595 | D3: 2411 | E3: Barclays Premier League | F3: Hull City | G3: Leicester City | H3: 53.57 | I3: 66.81 | J3: 0.3459 | K3: 0.3621 | L3: 0.2921 | M3: 1.16 | N3: 1.24 | O3: 38.1 | P3: 22.2 | Q3: 2 | R3: 1 | S3: 0.85 | T3: 2.77 | U3: 0.17 | V3: 1.25 | W3: 2.1 | X3: 1.05
B4: 2016 | C4: 42595 | D4: 2411 | E4: Barclays Premier League | F4: Middlesbrough | G4: Stoke City | H4: 56.32 | I4: 60.35 | J4: 0.438 | K4: 0.2692 | L4: 0.2927 | M4: 1.3 | N4: 1.01 | O4: 33.9 | P4: 32.5 | Q4: 1 | R4: 1 | S4: 1.4 | T4: 0.55 | U4: 1.13 | V4: 1.06 | W4: 1.05 | X4: 1.05
B5: 2016 | C5: 42595 | D5: 2411 | E5: Barclays Premier League | F5: Everton | G5: Tottenham Hotspur | H5: 68.02 | I5: 73.25 | J5: 0.391 | K5: 0.3401 | L5: 0.2689 | M5: 1.47 | N5: 1.38 | O5: 31.9 | P5: 48 | Q5: 1 | R5: 1 | S5: 0.73 | T5: 1.11 | U5: 0.88 | V5: 1.81 | W5: 1.05 | X5: 1.05
B6: 2016 | C6: 42595 | D6: 2411 | E6: Barclays Premier League | F6: Crystal Palace | G6: West Bromwich Albion | H6: 55.19 | I6: 58.66 | J6: 0.4214 | K6: 0.2939 | L6: 0.2847 | M6: 1.35 | N6: 1.14 | O6: 43.6 | P6: 34.6 | Q6: 0 | R6: 1 | S6: 1.11 | T6: 0.68 | U6: 0.84 | V6: 1.6 | W6: 0 | X6: 1.05
B7: 2016 | C7: 42595 | D7: 2411 | E7: Barclays Premier League | F7: Burnley | G7: Swansea City | H7: 58.98 | I7: 59.74 | J7: 0.4482 | K7: 0.2663 | L7: 0.2854 | M7: 1.37 | N7: 1.05 | O7: 36.5 | P7: 29.1 | Q7: 0 | R7: 1 | S7: 1.24 | T7: 1.84 | U7: 1.71 | V7: 1.56 | W7: 0 | X7: 1.05
B8: 2016 | C8: 42595 | D8: 2411 | E8: Barclays Premier League | F8: Southampton | G8: Watford | H8: 69.49 | I8: 59.33 | J8: 0.5759 | K8: 0.1874 | L8: 0.2367 | M8: 1.91 | N8: 1.05 | O8: 34.1 | P8: 30.7 | Q8: 1 | R8: 1 | S8: 1.05 | T8: 0.22 | U8: 1.52 | V8: 0.41 | W8: 1.05 | X8: 1.05
B9: 2016 | C9: 42595 | D9: 2411 | E9: Barclays Premier League | F9: Manchester City | G9: Sunderland | H9: 86.42 | I9: 53.64 | J9: 0.8152 | K9: 0.0525 | L9: 0.1323 | M9: 2.69 | N9: 0.48 | O9: 73 | P9: 27 | Q9: 2 | R9: 1 | S9: 2.14 | T9: 1.25 | U9: 1.81 | V9: 0.92 | W9: 2.1 | X9: 1.05
B10: 2016 | C10: 42596 | D10: 2411 | E10: Barclays Premier League | F10: AFC Bournemouth | G10: Manchester United | H10: 61.57 | I10: 80.49 | J10: 0.2111 | K10: 0.5461 | L10: 0.2428 | M10: 1.15 | N10: 1.78 | O10: 27.9 | P10: 58 | Q10: 1 | R10: 3 | S10: 0.51 | T10: 2.21 | U10: 1.11 | V10: 0.88 | W10: 1.05 | X10: 3.15
B11: 2016 | C11: 42596 | D11: 2411 | E11: Barclays Premier League | F11: Arsenal | G11: Liverpool | H11: 82.55 | I11: 77.44 | J11: 0.5551 | K11: 0.2115 | L11: 0.2334 | M11: 1.91 | N11: 1.21 | O11: 62.7 | P11: 63.9 | Q11: 3 | R11: 4 | S11: 1.14 | T11: 1.84 | U11: 1.19 | V11: 1.49 | W11: 3.15 | X11: 4.2
B12: 2016 | C12: 42597 | D12: 2411 | E12: Barclays Premier League | F12: Chelsea | G12: West Ham United | H12: 80.7 | I12: 63.27 | J12: 0.6908 | K12: 0.1177 | L12: 0.1915 | M12: 2.23 | N12: 0.91 | O12: 67.7 | P12: 25.5 | Q12: 2 | R12: 1 | S12: 1.55 | T12: 0.55 | U12: 1.76 | V12: 0.75 | W12: 2.1 | X12: 1.05
B13: 2016 | C13: 42601 | D13: 2411 | E13: Barclays Premier League | F13: Manchester United | G13: Southampton | H13: 81.05 | I13: 69.22 | J13: 0.6197 | K13: 0.1494 | L13: 0.2309 | M13: 1.85 | N13: 0.87 | O13: 61.8 | P13: 41.6 | Q13: 2 | R13: 0 | S13: 1.37 | T13: 0.7 | U13: 1.59 | V13: 1.69 | W13: 2.1 | X13: 0
B14: 2016 | C14: 42602 | D14: 2411 | E14: Barclays Premier League | F14: Stoke City | G14: Manchester City | H14: 60.42 | I14: 85.71 | J14: 0.1278 | K14: 0.672 | L14: 0.2002 | M14: 0.99 | N14: 1.98 | O14: 28.9 | P14: 67 | Q14: 1 | R14: 4 | S14: 1.38 | T14: 2.26 | U14: 0.83 | V14: 2.05 | W14: 1.05 | X14: 3.27
... B152: 2016 | C152: 42715 | D152: 2411 | E152: Barclays Premier League | F152: Liverpool | G152: West Ham United | H152: 82.14 | I152: 59.9 | J152: 0.7453 | K152: 0.0959 | L152: 0.1588 | M152: 2.71 | N152: 0.86 | O152: 59.6 | P152: 31.7 | Q152: 2 | R152: 2 | S152: 1.93 | T152: 0.71 | U152: 3.39 | V152: 0.28 | W152: 2.1 | X152: 2.1
B153: 2016 | C153: 42717 | D153: 2411 | E153: Barclays Premier League | F153: AFC Bournemouth | G153: Leicester City | H153: 62.47 | I153: 63.24 | J153: 0.4549 | K153: 0.2909 | L153: 0.2542 | M153: 1.71 | N153: 1.4 | Q153: 1 | R153: 0 | S153: 0.62 | T153: 1.49 | U153: 0.83 | V153: 2.43 | W153: 1.05 | X153: 0
B154: 2016 | C154: 42717 | D154: 2411 | E154: Barclays Premier League | F154: Everton | G154: Arsenal | H154: 65.92 | I154: 85.11 | J154: 0.1743 | K154: 0.6144 | L154: 0.2112 | M154: 1.24 | N154: 2 | Q154: 2 | R154: 1 | S154: 1.44 | T154: 1.5 | U154: 1.47 | V154: 1.89 | W154: 2.1 | X154: 1.05
B155: 2016 | C155: 42718 | D155: 2411 | E155: Barclays Premier League | F155: West Ham United | G155: Burnley | H155: 60.48 | I155: 54.41 | J155: 0.521 | K155: 0.2248 | L155: 0.2541 | M155: 1.74 | N155: 1.11 | Q155: 1 | R155: 0 | S155: 2.21 | T155: 1.06 | U155: 1.6 | V155: 1.39 | W155: 1.05 | X155: 0
B156: 2016 | C156: 42718 | D156: 2411 | E156: Barclays Premier League | F156: Middlesbrough | G156: Liverpool | H156: 55.14 | I156: 81.74 | J156: 0.1692 | K156: 0.604 | L156: 0.2268 | M156: 1.02 | N156: 1.82 | Q156: 0 | R156: 3 | S156: 0.26 | T156: 2.15 | U156: 0.46 | V156: 2.08 | W156: 0 | X156: 3.15
B157: 2016 | C157: 42718 | D157: 2411 | E157: Barclays Premier League | F157: Sunderland | G157: Chelsea | H157: 49.97 | I157: 86.3 | J157: 0.0736 | K157: 0.7687 | L157: 0.1577 | M157: 0.83 | N157: 2.26 | Q157: 0 | R157: 1 | S157: 0.55 | T157: 1.08 | U157: 1 | V157: 2.43 | W157: 0 | X157: 1.05
B158: 2016 | C158: 42718 | D158: 2411 | E158: Barclays Premier League | F158: Crystal Palace | G158: Manchester United | H158: 59.76 | I158: 79.33 | J158: 0.2144 | K158: 0.5447 | L158: 0.2409 | M158: 1.18 | N158: 1.88 | Q158: 1 | R158: 2 | S158: 0.7 | T158: 1.37 | U158: 0.76 | V158: 2.22 | W158: 1.05 | X158: 2.1
B159: 2016 | C159: 42718 | D159: 2411 | E159: Barclays Premier League | F159: Stoke City | G159: Southampton | H159: 62.19 | I159: 68.57 | J159: 0.3852 | K159: 0.3158 | L159: 0.2989 | M159: 1.19 | N159: 1.11 | Q159: 0 | R159: 0 | S159: 0.34 | T159: 0.71 | U159: 0.52 | V159: 2.33 | W159: 0 | X159: 0
B160: 2016 | C160: 42718 | D160: 2411 | E160: Barclays Premier League | F160: Tottenham Hotspur | G160: Hull City | H160: 77.63 | I160: 43.95 | J160: 0.7545 | K160: 0.0671 | L160: 0.1783 | M160: 2.3 | N160: 0.36 | Q160: 3 | R160: 0 | S160: 2.64 | T160: 0.73 | U160: 2.53 | V160: 1.27 | W160: 3.08 | X160: 0
B161: 2016 | C161: 42718 | D161: 2411 | E161: Barclays Premier League | F161: Manchester City | G161: Watford | H161: 85.04 | I161: 60.14 | J161: 0.7818 | K161: 0.0742 | L161: 0.144 | M161: 2.74 | N161: 0.72 | Q161: 2 | R161: 0 | S161: 1.72 | T161: 0.57 | U161: 2.28 | V161: 0.5 | W161: 1.7 | X161: 0
B162: 2016 | C162: 42718 | D162: 2411 | E162: Barclays Premier League | F162: West Bromwich Albion | G162: Swansea City | H162: 62.24 | I162: 58.06 | J162: 0.4963 | K162: 0.2414 | L162: 0.2623 | M162: 1.66 | N162: 1.11 | Q162: 3 | R162: 1 | S162: 1.88 | T162: 1.46 | U162: 1.24 | V162: 1.58 | W162: 3.15 | X162: 1.05
B163: 2016 | C163: 42721 | D163: 2411 | E163: Barclays Premier League | F163: Crystal Palace | G163: Chelsea | H163: 59.3 | I163: 86.27 | J163: 0.1037 | K163: 0.7218 | L163: 0.1745 | M163: 1.04 | N163: 2.28 | O163: 32.9 | P163: 97.2 | Q163: 0 | R163: 1 | S163: 0.42 | T163: 0.8 | U163: 1.06 | V163: 1.85 | W163: 0 | X163: 1.05
B164: 2016 | C164: 42721 | D164: 2411 | E164: Barclays Premier League | F164: Middlesbrough | G164: Swansea City | H164: 53.26 | I164: 57.55 | J164: 0.436 | K164: 0.2815 | L164: 0.2825 | M164: 1.4 | N164: 1.12 | O164: 49.6 | P164: 53.2 | Q164: 3 | R164: 0 | S164: 1.77 | T164: 0.84 | U164: 0.79 | V164: 2.02 | W164: 3.15 | X164: 0
B165: 2016 | C165: 42721 | D165: 2411 | E165: Barclays Premier League | F165: Sunderland | G165: Watford | H165: 49.82 | I165: 59.87 | J165: 0.3806 | K165: 0.3425 | L165: 0.2769 | M165: 1.37 | N165: 1.35 | O165: 48.1 | P165: 15.1 | Q165: 1 | R165: 0 | S165: 1.23 | T165: 0.72 | U165: 1.32 | V165: 1.32 | W165: 1.05 | X165: 0
B166: 2016 | C166: 42721 | D166: 2411 | E166: Barclays Premier League | F166: West Ham United | G166: Hull City | H166: 60.78 | I166: 43.51 | J166: 0.6003 | K166: 0.1633 | L166: 0.2364 | M166: 1.9 | N166: 0.88 | O166: 35.7 | P166: 48 | Q166: 1 | R166: 0 | S166: 2.12 | T166: 1.19 | U166: 1.19 | V166: 1.49 | W166: 1.05 | X166: 0
B167: 2016 | C167: 42721 | D167: 2411 | E167: Barclays Premier League | F167: Stoke City | G167: Leicester City | H167: 61.26 | I167: 63.64 | J167: 0.4287 | K167: 0.2884 | L167: 0.2829 | M167: 1.39 | N167: 1.13 | O167: 20.8 | P167: 22.1 | Q167: 2 | R167: 2 | S167: 2.4 | T167: 1.39 | U167: 1.81 | V167: 1.48 | W167: 2.1 | X167: 2.1
B168: 2016 | C168: 42721 | D168: 2411 | E168: Barclays Premier League | F168: West Bromwich Albion | G168: Manchester United | H168: 62.74 | I168: 79.64 | J168: 0.2434 | K168: 0.4799 | L168: 0.2767 | M168: 1.02 | N168: 1.46 | O168: 4.9 | P168: 56.3 | Q168: 0 | R168: 2 | S168: 0.67 | T168: 0.88 | U168: 0.84 | V168: 1.24 | W168: 0 | X168: 2.1
B169: 2016 | C169: 42722 | D169: 2411 | E169: Barclays Premier League | F169: AFC Bournemouth | G169: Southampton | H169: 62.01 | I169: 69.32 | J169: 0.3714 | K169: 0.3446 | L169: 0.284 | M169: 1.3 | N169: 1.29 | O169: 11.1 | P169: 4 | Q169: 1 | R169: 3 | S169: 0.57 | T169: 1.36 | U169: 1.38 | V169: 1.59 | W169: 1.05 | X169: 2.76
B170: 2016 | C170: 42722 | D170: 2411 | E170: Barclays Premier League | F170: Manchester City | G170: Arsenal | H170: 85.1 | I170: 84.33 | J170: 0.4823 | K170: 0.2837 | L170: 0.234 | M170: 1.92 | N170: 1.49 | O170: 51.3 | P170: 60.1 | Q170: 2 | R170: 1 | S170: 1.73 | T170: 0.66 | U170: 1.94 | V170: 0.88 | W170: 2.1 | X170: 1.05
B171: 2016 | C171: 42722 | D171: 2411 | E171: Barclays Premier League | F171: Tottenham Hotspur | G171: Burnley | H171: 78.01 | I171: 54.1 | J171: 0.7138 | K171: 0.0882 | L171: 0.198 | M171: 2.04 | N171: 0.59 | O171: 66.7 | P171: 31.6 | Q171: 2 | R171: 1 | S171: 1.68 | T171: 1.43 | U171: 1.6 | V171: 1.07 | W171: 2.1 | X171: 1.05
B172: 2016 | C172: 42723 | D172: 2411 | E172: Barclays Premier League | F172: Everton | G172: Liverpool | H172: 67.04 | I172: 83.07 | J172: 0.2254 | K172: 0.5437 | L172: 0.2309 | M172: 1.33 | N172: 1.88 | O172: 8.3 | P172: 55.6 | Q172: 0 | R172: 1 | S172: 0.46 | T172: 2.42 | U172: 0.48 | V172: 1.87 | W172: 0 | X172: 1.05
B173: 2016 | C173: 42730 | D173: 2411 | E173: Barclays Premier League | F173: Watford | G173: Crystal Palace | H173: 59.24 | I173: 59.06 | J173: 0.4597 | K173: 0.2826 | L173: 0.2577 | M173: 1.7 | N173: 1.33 | O173: 21.4 | P173: 40.6 | Q173: 1 | R173: 1 | S173: 1 | T173: 1.48 | U173: 1.14 | V173: 0.54 | W173: 1.05 | X173: 1.05
B174: 2016 | C174: 42730 | D174: 2411 | E174: Barclays Premier League | F174: Swansea City | G174: West Ham United | H174: 56.09 | I174: 60.53 | J174: 0.4211 | K174: 0.3226 | L174: 0.2563 | M174: 1.67 | N174: 1.53 | O174: 48.4 | P174: 23.6 | Q174: 1 | R174: 4 | S174: 0.93 | T174: 3.16 | U174: 1.5 | V174: 1.38 | W174: 1.05 | X174: 3.51
... B192: 2016 | C192: 42736 | D192: 2411 | E192: Barclays Premier League | F192: Arsenal | G192: Crystal Palace | H192: 84.22 | I192: 59.4 | J192: 0.7769 | K192: 0.0775 | L192: 0.1456 | M192: 2.77 | N192: 0.75 | O192: 71.2 | P192: 29.7 | Q192: 2 | R192: 0 | S192: 1.8 | T192: 0.58 | U192: 2.58 | V192: 0.73 | W192: 2.1 | X192: 0
B193: 2016 | C193: 42737 | D193: 2411 | E193: Barclays Premier League | F193: Middlesbrough | G193: Leicester City | H193: 54.25 | I193: 61.85 | J193: 0.4065 | K193: 0.2991 | L193: 0.2944 | M193: 1.24 | N193: 1.09 | Q193: 0 | R193: 0 | S193: 0.91 | T193: 0.56 | U193: 1 | V193: 1.45 | W193: 0 | X193: 0
B194: 2016 | C194: 42737 | D194: 2411 | E194: Barclays Premier League | F194: Everton | G194: Southampton | H194: 66.81 | I194: 67.11 | J194: 0.4521 | K194: 0.2605 | L194: 0.2874 | M194: 1.36 | N194: 1.03 | Q194: 3 | R194: 0 | S194: 2.28 | T194: 0.74 | U194: 2.03 | V194: 1.51 | W194: 2.39 | X194: 0
B195: 2016 | C195: 42737 | D195: 2411 | E195: Barclays Premier League | F195: Manchester City | G195: Burnley | H195: 85.57 | I195: 57.33 | J195: 0.7931 | K195: 0.0588 | L195: 0.1481 | M195: 2.52 | N195: 0.47 | Q195: 2 | R195: 1 | S195: 0.74 | T195: 0.92 | U195: 1.55 | V195: 1.43 | W195: 2.1 | X195: 1.05
B196: 2016 | C196: 42737 | D196: 2411 | E196: Barclays Premier League | F196: West Bromwich Albion | G196: Hull City | H196: 62.52 | I196: 43.41 | J196: 0.6011 | K196: 0.1466 | L196: 0.2524 | M196: 1.7 | N196: 0.67 | Q196: 3 | R196: 1 | S196: 0.84 | T196: 1.2 | U196: 1.32 | V196: 1.65 | W196: 3.09 | X196: 1.05
B197: 2016 | C197: 42737 | D197: 2411 | E197: Barclays Premier League | F197: Sunderland | G197: Liverpool | H197: 48.44 | I197: 84.07 | J197: 0.0829 | K197: 0.7588 | L197: 0.1584 | M197: 0.93 | N197: 2.34 | Q197: 2 | R197: 2 | S197: 1.96 | T197: 2.45 | U197: 0.43 | V197: 2.25 | W197: 2.1 | X197: 2.1
B198: 2016 | C198: 42737 | D198: 2411 | E198: Barclays Premier League | F198: West Ham United | G198: Manchester United | H198: 62.69 | I198: 80.7 | J198: 0.2187 | K198: 0.532 | L198: 0.2493 | M198: 1.13 | N198: 1.73 | Q198: 0 | R198: 2 | S198: 0.83 | T198: 1.93 | U198: 0.79 | V198: 2.09 | W198: 0 | X198: 1.91
B199: 2016 | C199: 42738 | D199: 2411 | E199: Barclays Premier League | F199: AFC Bournemouth | G199: Arsenal | H199: 62.1 | I199: 84.35 | J199: 0.1508 | K199: 0.6522 | L199: 0.197 | M199: 1.21 | N199: 2.16 | Q199: 3 | R199: 3 | S199: 1.55 | T199: 1.35 | U199: 0.98 | V199: 3.06 | W199: 3.15 | X199: 3.15
B200: 2016 | C200: 42738 | D200: 2411 | E200: Barclays Premier League | F200: Stoke City | G200: Watford | H200: 61.86 | I200: 57.53 | J200: 0.5072 | K200: 0.2302 | L200: 0.2626 | M200: 1.63 | N200: 1.08 | Q200: 2 | R200: 0 | S200: 2.22 | T200: 0.52 | U200: 1.6 | V200: 1.96 | W200: 2.1 | X200: 0
B201: 2016 | C201: 42738 | D201: 2411 | E201: Barclays Premier League | F201: Crystal Palace | G201: Swansea City | H201: 59.05 | I201: 52.18 | J201: 0.5192 | K201: 0.2375 | L201: 0.2433 | M201: 1.96 | N201: 1.27 | Q201: 1 | R201: 2 | S201: 0.46 | T201: 1.33 | U201: 0.63 | V201: 1.36 | W201: 1.05 | X201: 2.1
B202: 2016 | C202: 42739 | D202: 2411 | E202: Barclays Premier League | F202: Tottenham Hotspur | G202: Chelsea | H202: 80.23 | I202: 86.13 | J202: 0.342 | K202: 0.383 | L202: 0.275 | M202: 1.34 | N202: 1.37 | Q202: 2 | R202: 0 | S202: 1 | T202: 1.22 | U202: 0.6 | V202: 1.22 | W202: 2.1 | X202: 0
B203: 2016 | C203: 42749 | D203: 2411 | E203: Barclays Premier League | F203: Tottenham Hotspur | G203: West Bromwich Albion | H203: 80.84 | I203: 62.11 | J203: 0.6849 | K203: 0.1047 | L203: 0.2103 | M203: 1.93 | N203: 0.67 | O203: 74.6 | P203: 0.8 | Q203: 4 | R203: 0 | S203: 2.96 | T203: 0.14 | U203: 2.1 | V203: 0.34 | W203: 3.74 | X203: 0
B204: 2016 | C204: 42749 | D204: 2411 | E204: Barclays Premier League | F204: Swansea City | G204: Arsenal | H204: 53.79 | I204: 83.85 | J204: 0.094 | K204: 0.7527 | L204: 0.1533 | M204: 1.16 | N204: 2.57 | O204: 49.3 | P204: 69.9 | Q204: 0 | R204: 4 | S204: 0.52 | T204: 2.24 | U204: 1.09 | V204: 2.29 | W204: 0 | X204: 4.13
B205: 2016 | C205: 42749 | D205: 2411 | E205: Barclays Premier League | F205: Watford | G205: Middlesbrough | H205: 56.6 | I205: 53.91 | J205: 0.4509 | K205: 0.2552 | L205: 0.2939 | M205: 1.31 | N205: 0.94 | O205: 31.5 | P205: 39.5 | Q205: 0 | R205: 0 | S205: 0.88 | T205: 0.43 | U205: 1.27 | V205: 0.77 | W205: 0 | X205: 0
B206: 2016 | C206: 42749 | D206: 2411 | E206: Barclays Premier League | F206: Sunderland | G206: Stoke City | H206: 49.66 | I206: 62.75 | J206: 0.3505 | K206: 0.3695 | L206: 0.2801 | M206: 1.28 | N206: 1.39 | O206: 49.6 | P206: 9.6 | Q206: 1 | R206: 3 | S206: 1.34 | T206: 1.13 | U206: 1.17 | V206: 2.25 | W206: 1.05 | X206: 3.15
B207: 2016 | C207: 42749 | D207: 2411 | E207: Barclays Premier League | F207: West Ham United | G207: Crystal Palace | H207: 61.43 | I207: 57.49 | J207: 0.5014 | K207: 0.2438 | L207: 0.2547 | M207: 1.74 | N207: 1.2 | O207: 19.7 | P207: 50.5 | Q207: 3 | R207: 0 | S207: 1.72 | T207: 1.05 | U207: 1.07 | V207: 0.87 | W207: 2.52 | X207: 0
B208: 2016 | C208: 42749 | D208: 2411 | E208: Barclays Premier League | F208: Burnley | G208: Southampton | H208: 58.81 | I208: 65.41 | J208: 0.3827 | K208: 0.3253 | L208: 0.292 | M208: 1.24 | N208: 1.17 | O208: 17.8 | P208: 5.8 | Q208: 1 | R208: 0 | S208: 0.44 | T208: 1.11 | U208: 0.77 | V208: 1.51 | W208: 1.05 | X208: 0
B209: 2016 | C209: 42749 | D209: 2411 | E209: Barclays Premier League | F209: Hull City | G209: AFC Bournemouth | H209: 43.82 | I209: 63.06 | J209: 0.2907 | K209: 0.4448 | L209: 0.2646 | M209: 1.24 | N209: 1.65 | O209: 30.7 | P209: 5.1 | Q209: 3 | R209: 1 | S209: 1.15 | T209: 1.83 | U209: 0.98 | V209: 0.69 | W209: 3.15 | X209: 1.05
B210: 2016 | C210: 42749 | D210: 2411 | E210: Barclays Premier League | F210: Leicester City | G210: Chelsea | H210: 62.13 | I210: 85.52 | J210: 0.1446 | K210: 0.6365 | L210: 0.2189 | M210: 0.97 | N210: 1.87 | O210: 16.3 | P210: 89.9 | Q210: 0 | R210: 3 | S210: 0.25 | T210: 0.77 | U210: 0.48 | V210: 1.23 | W210: 0 | X210: 3.14
B211: 2016 | C211: 42750 | D211: 2411 | E211: Barclays Premier League | F211: Everton | G211: Manchester City | H211: 68.57 | I211: 84.63 | J211: 0.2179 | K211: 0.5358 | L211: 0.2463 | M211: 1.16 | N211: 1.71 | O211: 3.4 | P211: 63.4 | Q211: 4 | R211: 0 | S211: 0.45 | T211: 0.71 | U211: 0.74 | V211: 2.67 | W211: 3.46 | X211: 0
B212: 2016 | C212: 42750 | D212: 2411 | E212: Barclays Premier League | F212: Manchester United | G212: Liverpool | H212: 81.54 | I212: 83.32 | J212: 0.4366 | K212: 0.2999 | L212: 0.2635 | M212: 1.58 | N212: 1.29 | O212: 83.7 | P212: 67.7 | Q212: 1 | R212: 1 | S212: 1.1 | T212: 1.4 | U212: 1.42 | V212: 1.13 | W212: 1.05 | X212: 1.05
B213: 2016 | C213: 42756 | D213: 2411 | E213: Barclays Premier League | F213: Liverpool | G213: Swansea City | H213: 83.48 | I213: 52.3 | J213: 0.8041 | K213: 0.063 | L213: 0.1328 | M213: 2.97 | N213: 0.63 | O213: 73.3 | P213: 54.9 | Q213: 2 | R213: 3 | S213: 1.42 | T213: 1.64 | U213: 2.5 | V213: 1.69 | W213: 2.1 | X213: 3.15
B214: 2016 | C214: 42756 | D214: 2411 | E214: Barclays Premier League | F214: Stoke City | G214: Manchester United | H214: 63.89 | I214: 81.26 | J214: 0.2306 | K214: 0.5044 | L214: 0.265 | M214: 1.05 | N214: 1.57 | O214: 2.2 | P214: 66.3 | Q214: 1 | R214: 1 | S214: 0.33 | T214: 2.14 | U214: 0.22 | V214: 3.42 | W214: 1.05 | X214: 1.05
... B270: 2016 | C270: 42800 | D270: 2411 | E270: Barclays Premier League | F270: West Ham United | G270: Chelsea | H270: 63.66 | I270: 85.42 | J270: 0.1544 | K270: 0.6242 | L270: 0.2214 | M270: 1.02 | N270: 1.89 | O270: 0.6 | P270: 57.3 | Q270: 1 | R270: 2 | S270: 0.53 | T270: 1.81 | U270: 0.89 | V270: 1.33 | W270: 1.05 | X270: 2.1
B271: 2016 | C271: 42802 | D271: 2411 | E271: Barclays Premier League | F271: Manchester City | G271: Stoke City | H271: 86.04 | I271: 63.38 | J271: 0.7566 | K271: 0.0756 | L271: 0.1677 | M271: 2.35 | N271: 0.56 | Q271: 0 | R271: 0 | S271: 1.26 | T271: 0.35 | U271: 1.56 | V271: 0.82 | W271: 0 | X271: 0
B272: 2016 | C272: 42805 | D272: 2411 | E272: Barclays Premier League | F272: Everton | G272: West Bromwich Albion | H272: 71.32 | I272: 58.87 | J272: 0.5936 | K272: 0.1608 | L272: 0.2456 | M272: 1.73 | N272: 0.83 | O272: 3.8 | P272: 0.2 | Q272: 3 | R272: 0 | S272: 2.26 | T272: 0.19 | U272: 1.65 | V272: 0.69 | W272: 2.84 | X272: 0
B273: 2016 | C273: 42805 | D273: 2411 | E273: Barclays Premier League | F273: Hull City | G273: Swansea City | H273: 48.24 | I273: 57.63 | J273: 0.3824 | K273: 0.3467 | L273: 0.271 | M273: 1.45 | N273: 1.41 | O273: 54 | P273: 35.7 | Q273: 2 | R273: 1 | S273: 1.74 | T273: 1.68 | U273: 1 | V273: 1.1 | W273: 1.9 | X273: 1.05
B274: 2016 | C274: 42805 | D274: 2411 | E274: Barclays Premier League | F274: AFC Bournemouth | G274: West Ham United | H274: 59.12 | I274: 63.49 | J274: 0.4177 | K274: 0.3272 | L274: 0.2552 | M274: 1.67 | N274: 1.53 | O274: 28 | P274: 1.2 | Q274: 3 | R274: 2 | S274: 3.75 | T274: 1.27 | U274: 2.29 | V274: 1.33 | W274: 3.15 | X274: 2.1
B275: 2016 | C275: 42806 | D275: 2411 | E275: Barclays Premier League | F275: Liverpool | G275: Burnley | H275: 81.2 | I275: 59.63 | J275: 0.7262 | K275: 0.0971 | L275: 0.1766 | M275: 2.4 | N275: 0.71 | O275: 85.2 | P275: 4.7 | Q275: 2 | R275: 1 | S275: 1.1 | T275: 1.03 | U275: 1.18 | V275: 1.01 | W275: 2.1 | X275: 1.05
B276: 2016 | C276: 42812 | D276: 2411 | E276: Barclays Premier League | F276: West Bromwich Albion | G276: Arsenal | H276: 57.34 | I276: 79.87 | J276: 0.1799 | K276: 0.601 | L276: 0.2191 | M276: 1.17 | N276: 1.96 | O276: 0 | P276: 73 | Q276: 3 | R276: 1 | S276: 1.85 | T276: 1.13 | U276: 1.31 | V276: 1.59 | W276: 3.03 | X276: 1.05
B277: 2016 | C277: 42812 | D277: 2411 | E277: Barclays Premier League | F277: Stoke City | G277: Chelsea | H277: 64 | I277: 85.5 | J277: 0.1704 | K277: 0.5806 | L277: 0.2491 | M277: 0.89 | N277: 1.63 | O277: 0.1 | P277: 49.9 | Q277: 1 | R277: 2 | S277: 0.97 | T277: 1.7 | U277: 0.78 | V277: 2.16 | W277: 1.05 | X277: 2.1
B278: 2016 | C278: 42812 | D278: 2411 | E278: Barclays Premier League | F278: Crystal Palace | G278: Watford | H278: 57.8 | I278: 58.21 | J278: 0.453 | K278: 0.2763 | L278: 0.2706 | M278: 1.53 | N278: 1.19 | O278: 63.2 | P278: 12.7 | Q278: 1 | R278: 0 | S278: 0.44 | T278: 0.2 | U278: 0.94 | V278: 1.17 | W278: 1.05 | X278: 0
B279: 2016 | C279: 42812 | D279: 2411 | E279: Barclays Premier League | F279: Everton | G279: Hull City | H279: 72.68 | I279: 48.71 | J279: 0.6775 | K279: 0.1108 | L279: 0.2117 | M279: 1.99 | N279: 0.68 | O279: 4.8 | P279: 60.7 | Q279: 4 | R279: 0 | S279: 2.55 | T279: 0.43 | U279: 2.29 | V279: 0.61 | W279: 2.94 | X279: 0
B280: 2016 | C280: 42812 | D280: 2411 | E280: Barclays Premier League | F280: Sunderland | G280: Burnley | H280: 46.6 | I280: 60.46 | J280: 0.3471 | K280: 0.3664 | L280: 0.2865 | M280: 1.2 | N280: 1.33 | O280: 29.9 | P280: 8.9 | Q280: 0 | R280: 0 | S280: 1.13 | T280: 1.38 | U280: 1.16 | V280: 1.68 | W280: 0 | X280: 0
B281: 2016 | C281: 42812 | D281: 2411 | E281: Barclays Premier League | F281: West Ham United | G281: Leicester City | H281: 62.25 | I281: 59.7 | J281: 0.4896 | K281: 0.2519 | L281: 0.2586 | M281: 1.67 | N281: 1.2 | O281: 3.4 | P281: 27 | Q281: 2 | R281: 3 | S281: 2.29 | T281: 1.77 | U281: 2.04 | V281: 0.9 | W281: 2.1 | X281: 3.15
B282: 2016 | C282: 42812 | D282: 2411 | E282: Barclays Premier League | F282: AFC Bournemouth | G282: Swansea City | H282: 60.47 | I282: 57.15 | J282: 0.5023 | K282: 0.2604 | L282: 0.2372 | M282: 2 | N282: 1.48 | O282: 19.2 | P282: 39.1 | Q282: 2 | R282: 0 | S282: 0.89 | T282: 0.54 | U282: 1.39 | V282: 1.3 | W282: 2.07 | X282: 0
B283: 2016 | C283: 42813 | D283: 2411 | E283: Barclays Premier League | F283: Middlesbrough | G283: Manchester United | H283: 50.7 | I283: 82.23 | J283: 0.1506 | K283: 0.5876 | L283: 0.2618 | M283: 0.67 | N283: 1.51 | O283: 60.6 | P283: 71.4 | Q283: 1 | R283: 3 | S283: 1.27 | T283: 2.3 | U283: 2.07 | V283: 1.31 | W283: 1.05 | X283: 2.63
... B295: 2016 | C295: 42827 | D295: 2411 | E295: Barclays Premier League | F295: Arsenal | G295: Manchester City | H295: 78.22 | I295: 84.76 | J295: 0.329 | K295: 0.4288 | L295: 0.2422 | M295: 1.6 | N295: 1.77 | O295: 76.4 | P295: 61.4 | Q295: 2 | R295: 2 | S295: 0.87 | T295: 1.32 | U295: 1.42 | V295: 1.94 | W295: 2.1 | X295: 2.1
B296: 2016 | C296: 42829 | D296: 2411 | E296: Barclays Premier League | F296: Watford | G296: West Bromwich Albion | H296: 58.57 | I296: 59.97 | J296: 0.4399 | K296: 0.274 | L296: 0.2861 | M296: 1.36 | N296: 1.07 | Q296: 2 | R296: 0 | S296: 0.75 | T296: 1.94 | U296: 0.83 | V296: 1.88 | W296: 2.1 | X296: 0
B297: 2016 | C297: 42829 | D297: 2411 | E297: Barclays Premier League | F297: Leicester City | G297: Sunderland | H297: 61.03 | I297: 45.81 | J297: 0.5779 | K297: 0.1712 | L297: 0.2509 | M297: 1.73 | N297: 0.83 | Q297: 2 | R297: 0 | S297: 1.1 | T297: 0.88 | U297: 1.52 | V297: 0.56 | W297: 1.9 | X297: 0
B298: 2016 | C298: 42829 | D298: 2411 | E298: Barclays Premier League | F298: Burnley | G298: Stoke City | H298: 59.7 | I298: 63.15 | J298: 0.4178 | K298: 0.2888 | L298: 0.2934 | M298: 1.28 | N298: 1.06 | Q298: 1 | R298: 0 | S298: 0.34 | T298: 1.11 | U298: 0.82 | V298: 1.47 | W298: 1.05 | X298: 0
B299: 2016 | C299: 42829 | D299: 2411 | E299: Barclays Premier League | F299: Manchester United | G299: Everton | H299: 81.43 | I299: 74.15 | J299: 0.5707 | K299: 0.1744 | L299: 0.255 | M299: 1.65 | N299: 0.88 | Q299: 1 | R299: 1 | S299: 3.09 | T299: 0.64 | U299: 3.03 | V299: 0.93 | W299: 1.05 | X299: 1.05
B300: 2016 | C300: 42830 | D300: 2411 | E300: Barclays Premier League | F300: Hull City | G300: Middlesbrough | H300: 47.44 | I300: 51.78 | J300: 0.4072 | K300: 0.2809 | L300: 0.3119 | M300: 1.11 | N300: 0.91 | Q300: 4 | R300: 2 | S300: 2.04 | T300: 1.5 | U300: 1.34 | V300: 1.49 | W300: 4.2 | X300: 2.1
B301: 2016 | C301: 42830 | D301: 2411 | E301: Barclays Premier League | F301: Swansea City | G301: Tottenham Hotspur | H301: 56.01 | I301: 81.84 | J301: 0.1469 | K301: 0.6395 | L301: 0.2136 | M301: 1.02 | N301: 2.02 | Q301: 1 | R301: 3 | S301: 0.73 | T301: 2.56 | U301: 0.87 | V301: 2.68 | W301: 1.05 | X301: 2.63
B302: 2016 | C302: 42830 | D302: 2411 | E302: Barclays Premier League | F302: Arsenal | G302: West Ham United | H302: 78.17 | I302: 61.41 | J302: 0.6847 | K302: 0.1346 | L302: 0.1807 | M302: 2.49 | N302: 1.17 | Q302: 3 | R302: 0 | S302: 2.22 | T302: 0.34 | U302: 2.84 | V302: 0.49 | W302: 2.81 | X302: 0
B303: 2016 | C303: 42830 | D303: 2411 | E303: Barclays Premier League | F303: Southampton | G303: Crystal Palace | H303: 67.27 | I303: 59.95 | J303: 0.5375 | K303: 0.1976 | L303: 0.2649 | M303: 1.59 | N303: 0.91 | Q303: 3 | R303: 1 | S303: 3.53 | T303: 1.8 | U303: 2.73 | V303: 1.56 | W303: 2.76 | X303: 1.05
B304: 2016 | C304: 42830 | D304: 2411 | E304: Barclays Premier League | F304: Liverpool | G304: AFC Bournemouth | H304: 80.73 | I304: 61.84 | J304: 0.7112 | K304: 0.1138 | L304: 0.1749 | M304: 2.46 | N304: 1.01 | Q304: 2 | R304: 2 | S304: 2.16 | T304: 1 | U304: 2.1 | V304: 0.52 | W304: 2.1 | X304: 2.1
B305: 2016 | C305: 42830 | D305: 2411 | E305: Barclays Premier League | F305: Chelsea | G305: Manchester City | H305: 84.62 | I305: 84.8 | J305: 0.4585 | K305: 0.275 | L305: 0.2665 | M305: 1.55 | N305: 1.2 | Q305: 2 | R305: 1 | S305: 1.93 | T305: 2.17 | U305: 1.3 | V305: 1.85 | W305: 2.1 | X305: 1.05
B306: 2016 | C306: 42833 | D306: 2411 | E306: Barclays Premier League | F306: Tottenham Hotspur | G306: Watford | H306: 82.35 | I306: 58.78 | J306: 0.7389 | K306: 0.0808 | L306: 0.1803 | M306: 2.28 | N306: 0.53 | O306: 29.4 | P306: 0.9 | Q306: 4 | R306: 0 | S306: 1.41 | T306: 0.36 | U306: 1.84 | V306: 0.67 | W306: 4.2 | X306: 0
B307: 2016 | C307: 42833 | D307: 2411 | E307: Barclays Premier League | F307: West Ham United | G307: Swansea City | H307: 60.11 | I307: 55.29 | J307: 0.5119 | K307: 0.2417 | L307: 0.2463 | M307: 1.86 | N307: 1.27 | O307: 21 | P307: 75.4 | Q307: 1 | R307: 0 | S307: 1.37 | T307: 0.26 | U307: 1.15 | V307: 1.16 | W307: 1.05 | X307: 0
B308: 2016 | C308: 42833 | D308: 2411 | E308: Barclays Premier League | F308: Stoke City | G308: Liverpool | H308: 63.22 | I308: 80.18 | J308: 0.2381 | K308: 0.5129 | L308: 0.2491 | M308: 1.21 | N308: 1.7 | O308: 1.4 | P308: 80.7 | Q308: 1 | R308: 2 | S308: 1.68 | T308: 1.07 | U308: 1.41 | V308: 1.4 | W308: 1.05 | X308: 2.1
B309: 2016 | C309: 42833 | D309: 2411 | E309: Barclays Premier League | F309: West Bromwich Albion | G309: Southampton | H309: 59.76 | I309: 68.24 | J309: 0.3632 | K309: 0.3425 | L309: 0.2943 | M309: 1.19 | N309: 1.19 | O309: 0 | P309: 0.1 | Q309: 0 | R309: 1 | S309: 2.1 | T309: 0.81 | U309: 1.79 | V309: 1.28 | W309: 0 | X309: 1.05
B310: 2016 | C310: 42833 | D310: 2411 | E310: Barclays Premier League | F310: Manchester City | G310: Hull City | H310: 84.87 | I310: 48.81 | J310: 0.8208 | K310: 0.0488 | L310: 0.1304 | M310: 2.75 | N310: 0.42 | O310: 96.1 | P310: 65.4 | Q310: 3 | R310: 1 | S310: 2.44 | T310: 0.29 | U310: 2.68 | V310: 0.51 | W310: 3.15 | X310: 1.05
B311: 2016 | C311: 42833 | D311: 2411 | E311: Barclays Premier League | F311: Middlesbrough | G311: Burnley | H311: 50.44 | I311: 59.59 | J311: 0.3898 | K311: 0.3015 | L311: 0.3086 | M311: 1.1 | N311: 1 | O311: 27.8 | P311: 3.4 | Q311: 0 | R311: 0 | S311: 0.64 | T311: 0.97 | U311: 1.38 | V311: 1.47 | W311: 0 | X311: 0
B312: 2016 | C312: 42833 | D312: 2411 | E312: Barclays Premier League | F312: AFC Bournemouth | G312: Chelsea | H312: 62.59 | I312: 84.64 | J312: 0.1524 | K312: 0.6389 | L312: 0.2087 | M312: 1.12 | N312: 2.04 | O312: 1.3 | P312: 53.4 | Q312: 1 | R312: 3 | S312: 0.53 | T312: 1.9 | U312: 0.64 | V312: 2.21 | W312: 1.05 | X312: 3.15
B313: 2016 | C313: 42834 | D313: 2411 | E313: Barclays Premier League | F313: Sunderland | G313: Manchester United | H313: 45.28 | I313: 81.73 | J313: 0.1091 | K313: 0.6785 | L313: 0.2125 | M313: 0.71 | N313: 1.88 | O313: 9.2 | P313: 51.1 | Q313: 0 | R313: 3 | S313: 1.13 | T313: 1.33 | U313: 1.46 | V313: 2.06 | W313: 0 | X313: 2.65
B314: 2016 | C314: 42834 | D314: 2411 | E314: Barclays Premier League | F314: Everton | G314: Leicester City | H314: 73.84 | I314: 61.57 | J314: 0.6057 | K314: 0.1609 | L314: 0.2334 | M314: 1.86 | N314: 0.92 | O314: 2.4 | P314: 0.6 | Q314: 4 | R314: 2 | S314: 2.44 | T314: 0.77 | U314: 2.57 | V314: 0.52 | W314: 4.2 | X314: 2.1
B315: 2016 | C315: 42835 | D315: 2411 | E315: Barclays Premier League | F315: Crystal Palace | G315: Arsenal | H315: 59.03 | I315: 79.12 | J315: 0.1982 | K315: 0.5854 | L315: 0.2164 | M315: 1.33 | N315: 2.06 | O315: 29.6 | P315: 71.4 | Q315: 3 | R315: 0 | S315: 2.18 | T315: 0.57 | U315: 1.69 | V315: 1.95 | W315: 3.15 | X315: 0
B316: 2016 | C316: 42840 | D316: 2411 | E316: Barclays Premier League | F316: Tottenham Hotspur | G316: AFC Bournemouth | H316: 83.15 | I316: 61.75 | J316: 0.7359 | K316: 0.0891 | L316: 0.1749 | M316: 2.42 | N316: 0.66 | O316: 21.8 | P316: 1.5 | Q316: 4 | R316: 0 | S316: 2.93 | T316: 0.25 | U316: 2.57 | V316: 0.85 | W316: 3.68 | X316: 0
B317: 2016 | C317: 42840 | D317: 2411 | E317: Barclays Premier League | F317: Crystal Palace | G317: Leicester City | H317: 61.58 | I317: 60.75 | J317: 0.4686 | K317: 0.2662 | L317: 0.2652 | M317: 1.59 | N317: 1.2 | O317: 8.8 | P317: 1.2 | Q317: 2 | R317: 2 | S317: 1.98 | T317: 0.42 | U317: 2.21 | V317: 1.18 | W317: 2.1 | X317: 2.1
... B356: 2016 | C356: 42863 | D356: 2411 | E356: Barclays Premier League | F356: Chelsea | G356: Middlesbrough | H356: 85.75 | I356: 48.96 | J356: 0.817 | K356: 0.043 | L356: 0.14 | M356: 2.47 | N356: 0.27 | O356: 67.7 | P356: 5.7 | Q356: 3 | R356: 0 | S356: 2.12 | T356: 0.1 | U356: 2.63 | V356: 0.58 | W356: 3.15 | X356: 0
B357: 2016 | C357: 42865 | D357: 2411 | E357: Barclays Premier League | F357: Southampton | G357: Arsenal | H357: 66.29 | I357: 76.97 | J357: 0.3204 | K357: 0.4172 | L357: 0.2624 | M357: 1.38 | N357: 1.54 | Q357: 0 | R357: 2 | S357: 1.48 | T357: 1.46 | U357: 1.66 | V357: 3.01 | W357: 0 | X357: 1.77
B358: 2016 | C358: 42867 | D358: 2411 | E358: Barclays Premier League | F358: Everton | G358: Watford | H358: 71.65 | I358: 55.49 | J358: 0.6285 | K358: 0.1379 | L358: 0.2336 | M358: 1.82 | N358: 0.75 | O358: 0 | P358: 0 | Q358: 1 | R358: 0 | S358: 1.16 | T358: 1.13 | U358: 1.29 | V358: 1.87 | W358: 1.05 | X358: 0
B359: 2016 | C359: 42867 | D359: 2411 | E359: Barclays Premier League | F359: West Bromwich Albion | G359: Chelsea | H359: 58.64 | I359: 86.15 | J359: 0.1202 | K359: 0.6679 | L359: 0.2119 | M359: 0.83 | N359: 1.84 | O359: 0 | P359: 2.8 | Q359: 0 | R359: 1 | S359: 0.51 | T359: 1.88 | U359: 0.83 | V359: 4.21 | W359: 0 | X359: 1.05
...

Sheet Bet365 Odds
E7: Home | F7: Away | G7: Max H | H7: Max D | I7: Max A | L7: man city | M7: man city | N7: =L7=M7 -> TRUE
D8: =E8&F8 -> LiverpoolNorwich City | E8: Liverpool | F8: Norwich City | G8: 1.16 | H8: 10 | I8: 23
D9: =E9&F9 -> West Ham UnitedManchester City | E9: West Ham United | F9: Manchester City | G9: 13 | H9: 6.75 | I9: 1.29
D10: =E10&F10 -> AFC BournemouthSheffield United | E10: AFC Bournemouth | F10: Sheffield United | G10: 2.06 | H10: 3.65 | I10: 4
D11: =E11&F11 -> BurnleySouthampton | E11: Burnley | F11: Southampton | G11: 2.8 | H11: 3.33 | I11: 2.85
D12: =E12&F12 -> Crystal PalaceEverton | E12: Crystal Palace | F12: Everton | G12: 3.21 | H12: 3.4 | I12: 2.52
D13: =E13&F13 -> WatfordBrighton and Hove Albion | E13: Watford | F13: Brighton and Hove Albion | G13: 2 | H13: 3.5 | I13: 4.6
D14: =E14&F14 -> Tottenham HotspurAston Villa | E14: Tottenham Hotspur | F14: Aston Villa | G14: 1.33 | H14: 5.95 | I14: 12
D15: =E15&F15 -> Leicester CityWolverhampton | E15: Leicester City | F15: Wolverhampton | G15: 2.29 | H15: 3.38 | I15: 3.66
D16: =E16&F16 -> NewcastleArsenal | E16: Newcastle | F16: Arsenal | G16: 4.7 | H16: 4 | I16: 1.83
D17: =E17&F17 -> Manchester UnitedChelsea | E17: Manchester United | F17: Chelsea | G17: 2.28 | H17: 3.43 | I17: 3.63
D18: =E18&F18 -> ArsenalBurnley | E18: Arsenal | F18: Burnley | G18: 1.36 | H18: 5.75 | I18: 11
D19: =E19&F19 -> Aston VillaAFC Bournemouth | E19: Aston Villa | F19: AFC Bournemouth | G19: 2.42 | H19: 3.64 | I19: 3.2
... D380: =E380&F380 -> ChelseaWolverhampton | E380: Chelsea | F380: Wolverhampton | G380: 1.9 | H380: 3.92 | I380: 4.55
D381: =E381&F381 -> Crystal PalaceTottenham Hotspur | E381: Crystal Palace | F381: Tottenham Hotspur | G381: 6.75 | H381: 4.45 | I381: 1.6 | L381: =MIN(H8:H387) -> 3.1
D382: =E382&F382 -> EvertonAFC Bournemouth | E382: Everton | F382: AFC Bournemouth | G382: 2.33 | H382: 4.1 | I382: 3.15
D383: =E383&F383 -> Leicester CityManchester United | E383: Leicester City | F383: Manchester United | G383: 3.36 | H383: 4.54 | I383: 2.35
D384: =E384&F384 -> Manchester CityNorwich City | E384: Manchester City | F384: Norwich City | G384: 1.1 | H384: 15.25 | I384: 41
D385: =E385&F385 -> NewcastleLiverpool | E385: Newcastle | F385: Liverpool | G385: 8.2 | H385: 5.4 | I385: 1.45
D386: =E386&F386 -> SouthamptonSheffield United | E386: Southampton | F386: Sheffield United | G386: 2.25 | H386: 3.6 | I386: 3.56
D387: =E387&F387 -> West Ham UnitedAston Villa | E387: West Ham United | F387: Aston Villa | G387: 3.2 | H387: 3.82 | I387: 2.36

Sheet Calculator
H4: Season 2018 | I4: =1-I5 -> 0.00069252078
H5: Season 2019 | I5: =1-(1-($Y$63/$Y$94))^2 -> 0.99930748
G8: Combination of seasons
G10: HGS | H10: HGC | I10: AGS | J10: AGC | K10: HXGS | L10: HXGC | M10: AXGS | N10: AXGC | O10: Home AS | P10: Home DW | Q10: Away AS | R10: Away DW | S10: XHome AS | T10: XHome DW | U10: XAway AS | V10: XAway DW
F11: AFC Bournemouth | G11: =VLOOKUP($F11,$F$44:$X$63,2,FALSE) * $I$5 + VLOOKUP($F11,$F$75:$X$94,2,FALSE)*$I$4 -> 1.1581863 | H11: =VLOOKUP($F11,$F$44:$X$63,3,FALSE) * $I$5 + VLOOKUP($F11,$F$75:$X$94,3,FALSE)*$I$4 -> 1.5787651 | I11: =VLOOKUP($F11,$F$44:$X$63,4,FALSE) * $I$5 + VLOOKUP($F11,$F$75:$X$94,4,FALSE)*$I$4 -> 0.83370389 | J11: =VLOOKUP($F11,$F$44:$X$63,5,FALSE) * $I$5 + VLOOKUP($F11,$F$75:$X$94,5,FALSE)*$I$4 -> 1.889221 | K11: =VLOOKUP($F11,$F$44:$X$63,6,FALSE) * $I$5 + VLOOKUP($F11,$F$75:$X$94,6,FALSE)*$I$4 -> 1.3097478 | L11: =VLOOKUP($F11,$F$44:$X$63,7,FALSE) * $I$5 + VLOOKUP($F11,$F$75:$X$94,7,FALSE)*$I$4 -> 1.6329622 | M11: =VLOOKUP($F11,$F$44:$X$63,8,FALSE) * $I$5 + VLOOKUP($F11,$F$75:$X$94,8,FALSE)*$I$4 -> 1.1346841 | N11: =VLOOKUP($F11,$F$44:$X$63,9,FALSE) * $I$5 + VLOOKUP($F11,$F$75:$X$94,9,FALSE)*$I$4 -> 1.7755962 | O11: =G11/$B$13 -> 0.76775166 | P11: =H11/$B$15 -> 1.3198214 | Q11: =I11/$B$17 -> 0.69889697 | R11: =J11/$B$19 -> 1.2532553 | S11: =K11/$B$23 -> 0.82108651 | T11: =L11/$B$25 -> 1.1934161 | U11: =M11/$B$27 -> 0.83078232 | V11: =N11/$B$29 -> 1.1135372
B12: Home Average goal scored | F12: Arsenal | G12: =VLOOKUP($F12,$F$44:$X$63,2,FALSE) * $I$5 + VLOOKUP($F12,$F$75:$X$94,2,FALSE)*$I$4 -> 1.8335945 | H12: =VLOOKUP($F12,$F$44:$X$63,3,FALSE) * $I$5 + VLOOKUP($F12,$F$75:$X$94,3,FALSE)*$I$4 -> 1.221959 | I12: =VLOOKUP($F12,$F$44:$X$63,4,FALSE) * $I$5 + VLOOKUP($F12,$F$75:$X$94,4,FALSE)*$I$4 -> 1.0530325 | J12: =VLOOKUP($F12,$F$44:$X$63,5,FALSE) * $I$5 + VLOOKUP($F12,$F$75:$X$94,5,FALSE)*$I$4 -> 1.2635588 | K12: =VLOOKUP($F12,$F$44:$X$63,6,FALSE) * $I$5 + VLOOKUP($F12,$F$75:$X$94,6,FALSE)*$I$4 -> 1.4825239 | L12: =VLOOKUP($F12,$F$44:$X$63,7,FALSE) * $I$5 + VLOOKUP($F12,$F$75:$X$94,7,FALSE)*$I$4 -> 1.5820742 | M12: =VLOOKUP($F12,$F$44:$X$63,8,FALSE) * $I$5 + VLOOKUP($F12,$F$75:$X$94,8,FALSE)*$I$4 -> 1.2574785 | N12: =VLOOKUP($F12,$F$44:$X$63,9,FALSE) * $I$5 + VLOOKUP($F12,$F$75:$X$94,9,FALSE)*$I$4 -> 1.4654199 | O12: =G12/$B$13 -> 1.2154739 | P12: =H12/$B$15 -> 1.0215374 | Q12: =I12/$B$17 -> 0.88276094 | R12: =J12/$B$19 -> 0.8382089 | S12: =K12/$B$23 -> 0.92940063 | T12: =L12/$B$25 -> 1.1562257 | U12: =M12/$B$27 -> 0.92068875 | V12: =N12/$B$29 -> 0.91901499
B13: =SUM(G11:G30)/20 -> 1.5085429 | F13: Brighton and Hove Albion | G13: =VLOOKUP($F13,$F$44:$X$63,2,FALSE) * $I$5 + VLOOKUP($F13,$F$75:$X$94,2,FALSE)*$I$4 -> 1.0525951 | H13: =VLOOKUP($F13,$F$44:$X$63,3,FALSE) * $I$5 + VLOOKUP($F13,$F$75:$X$94,3,FALSE)*$I$4 -> 1.4210891 | I13: =VLOOKUP($F13,$F$44:$X$63,4,FALSE) * $I$5 + VLOOKUP($F13,$F$75:$X$94,4,FALSE)*$I$4 -> 0.94437357 | J13: =VLOOKUP($F13,$F$44:$X$63,5,FALSE) * $I$5 + VLOOKUP($F13,$F$75:$X$94,5,FALSE)*$I$4 -> 1.4446105 | K13: =VLOOKUP($F13,$F$44:$X$63,6,FALSE) * $I$5 + VLOOKUP($F13,$F$75:$X$94,6,FALSE)*$I$4 -> 1.3251148 | L13: =VLOOKUP($F13,$F$44:$X$63,7,FALSE) * $I$5 + VLOOKUP($F13,$F$75:$X$94,7,FALSE)*$I$4 -> 1.4736153 | M13: =VLOOKUP($F13,$F$44:$X$63,8,FALSE) * $I$5 + VLOOKUP($F13,$F$75:$X$94,8,FALSE)*$I$4 -> 1.2564219 | N13: =VLOOKUP($F13,$F$44:$X$63,9,FALSE) * $I$5 + VLOOKUP($F13,$F$75:$X$94,9,FALSE)*$I$4 -> 1.674671 | O13: =G13/$B$13 -> 0.69775617 | P13: =H13/$B$15 -> 1.1880069 | Q13: =I13/$B$17 -> 0.79167176 | R13: =J13/$B$19 -> 0.95831341 | S13: =K13/$B$23 -> 0.83072017 | T13: =L13/$B$25 -> 1.0769608 | U13: =M13/$B$27 -> 0.91991511 | V13: =N13/$B$29 -> 1.0502435
B14: Home average goal conceded | F14: Burnley | G14: =VLOOKUP($F14,$F$44:$X$63,2,FALSE) * $I$5 + VLOOKUP($F14,$F$75:$X$94,2,FALSE)*$I$4 -> 1.2777677 | H14: =VLOOKUP($F14,$F$44:$X$63,3,FALSE) * $I$5 + VLOOKUP($F14,$F$75:$X$94,3,FALSE)*$I$4 -> 1.1670251 | I14: =VLOOKUP($F14,$F$44:$X$63,4,FALSE) * $I$5 + VLOOKUP($F14,$F$75:$X$94,4,FALSE)*$I$4 -> 1.0000729 | J14: =VLOOKUP($F14,$F$44:$X$63,5,FALSE) * $I$5 + VLOOKUP($F14,$F$75:$X$94,5,FALSE)*$I$4 -> 1.4213807 | K14: =VLOOKUP($F14,$F$44:$X$63,6,FALSE) * $I$5 + VLOOKUP($F14,$F$75:$X$94,6,FALSE)*$I$4 -> 1.6642496 | L14: =VLOOKUP($F14,$F$44:$X$63,7,FALSE) * $I$5 + VLOOKUP($F14,$F$75:$X$94,7,FALSE)*$I$4 -> 1.406779 | M14: =VLOOKUP($F14,$F$44:$X$63,8,FALSE) * $I$5 + VLOOKUP($F14,$F$75:$X$94,8,FALSE)*$I$4 -> 1.0279345 | N14: =VLOOKUP($F14,$F$44:$X$63,9,FALSE) * $I$5 + VLOOKUP($F14,$F$75:$X$94,9,FALSE)*$I$4 -> 1.5839324 | O14: =G14/$B$13 -> 0.84702108 | P14: =H14/$B$15 -> 0.9756136 | Q14: =I14/$B$17 -> 0.8383647 | R14: =J14/$B$19 -> 0.94290341 | S14: =K14/$B$23 -> 1.0433253 | T14: =L14/$B$25 -> 1.0281149 | U14: =M14/$B$27 -> 0.75262337 | V14: =N14/$B$29 -> 0.99333826
B15: =SUM(H11:H30)/20 -> 1.196196 | F15: Aston Villa | G15: =VLOOKUP($F15,$F$44:$X$63,2,FALSE) -> 1.1578947 | H15: =VLOOKUP($F15,$F$44:$X$63,3,FALSE) -> 1.5789474 | I15: =VLOOKUP($F15,$F$44:$X$63,4,FALSE) -> 1 | J15: =VLOOKUP($F15,$F$44:$X$63,5,FALSE) -> 2 | K15: =VLOOKUP($F15,$F$44:$X$63,6,FALSE) -> 1.3542105 | L15: =VLOOKUP($F15,$F$44:$X$63,7,FALSE) -> 1.8184211 | M15: =VLOOKUP($F15,$F$44:$X$63,8,FALSE) -> 1.1483333 | N15: =VLOOKUP($F15,$F$44:$X$63,9,FALSE) -> 2.1072222 | O15: =G15/$B$13 -> 0.76755837 | P15: =H15/$B$15 -> 1.3199738 | Q15: =I15/$B$17 -> 0.83830359 | R15: =J15/$B$19 -> 1.326743 | S15: =K15/$B$23 -> 0.8489604 | T15: =L15/$B$25 -> 1.3289549 | U15: =M15/$B$27 -> 0.84077588 | V15: =N15/$B$29 -> 1.3215112
B16: Away Average goal scored | F16: Chelsea | G16: =VLOOKUP($F16,$F$44:$X$63,2,FALSE) * $I$5 + VLOOKUP($F16,$F$75:$X$94,2,FALSE)*$I$4 -> 1.5558998 | H16: =VLOOKUP($F16,$F$44:$X$63,3,FALSE) * $I$5 + VLOOKUP($F16,$F$75:$X$94,3,FALSE)*$I$4 -> 0.8887107 | I16: =VLOOKUP($F16,$F$44:$X$63,4,FALSE) * $I$5 + VLOOKUP($F16,$F$75:$X$94,4,FALSE)*$I$4 -> 2.0520849 | J16: =VLOOKUP($F16,$F$44:$X$63,5,FALSE) * $I$5 + VLOOKUP($F16,$F$75:$X$94,5,FALSE)*$I$4 -> 1.9995991 | K16: =VLOOKUP($F16,$F$44:$X$63,6,FALSE) * $I$5 + VLOOKUP($F16,$F$75:$X$94,6,FALSE)*$I$4 -> 2.5217888 | L16: =VLOOKUP($F16,$F$44:$X$63,7,FALSE) * $I$5 + VLOOKUP($F16,$F$75:$X$94,7,FALSE)*$I$4 -> 0.7827908 | M16: =VLOOKUP($F16,$F$44:$X$63,8,FALSE) * $I$5 + VLOOKUP($F16,$F$75:$X$94,8,FALSE)*$I$4 -> 1.7063118 | N16: =VLOOKUP($F16,$F$44:$X$63,9,FALSE) * $I$5 + VLOOKUP($F16,$F$75:$X$94,9,FALSE)*$I$4 -> 1.4678302 | O16: =G16/$B$13 -> 1.0313925 | P16: =H16/$B$15 -> 0.74294739 | Q16: =I16/$B$17 -> 1.7202701 | R16: =J16/$B$19 -> 1.326477 | S16: =K16/$B$23 -> 1.5809202 | T16: =L16/$B$25 -> 0.57208623 | U16: =M16/$B$27 -> 1.2493113 | V16: =N16/$B$29 -> 0.92052659
B17: =SUM(I11:I30)/20 -> 1.1928853 | F17: Crystal Palace | G17: =VLOOKUP($F17,$F$44:$X$63,2,FALSE) * $I$5 + VLOOKUP($F17,$F$75:$X$94,2,FALSE)*$I$4 -> 0.77793167 | H17: =VLOOKUP($F17,$F$44:$X$63,3,FALSE) * $I$5 + VLOOKUP($F17,$F$75:$X$94,3,FALSE)*$I$4 -> 1.0556629 | I17: =VLOOKUP($F17,$F$44:$X$63,4,FALSE) * $I$5 + VLOOKUP($F17,$F$75:$X$94,4,FALSE)*$I$4 -> 0.84268844 | J17: =VLOOKUP($F17,$F$44:$X$63,5,FALSE) * $I$5 + VLOOKUP($F17,$F$75:$X$94,5,FALSE)*$I$4 -> 1.5789474 | K17: =VLOOKUP($F17,$F$44:$X$63,6,FALSE) * $I$5 + VLOOKUP($F17,$F$75:$X$94,6,FALSE)*$I$4 -> 1.0552579 | L17: =VLOOKUP($F17,$F$44:$X$63,7,FALSE) * $I$5 + VLOOKUP($F17,$F$75:$X$94,7,FALSE)*$I$4 -> 1.2966872 | M17: =VLOOKUP($F17,$F$44:$X$63,8,FALSE) * $I$5 + VLOOKUP($F17,$F$75:$X$94,8,FALSE)*$I$4 -> 0.91121957 | N17: =VLOOKUP($F17,$F$44:$X$63,9,FALSE) * $I$5 + VLOOKUP($F17,$F$75:$X$94,9,FALSE)*$I$4 -> 1.9391832 | O17: =G17/$B$13 -> 0.51568415 | P17: =H17/$B$15 -> 0.88251664 | Q17: =I17/$B$17 -> 0.70642875 | R17: =J17/$B$19 -> 1.0474287 | S17: =K17/$B$23 -> 0.6615457 | T17: =L17/$B$25 -> 0.94765663 | U17: =M17/$B$27 -> 0.66716815 | V17: =N17/$B$29 -> 1.2161282
B18: Away average goal conceded | F18: Everton | G18: =VLOOKUP($F18,$F$44:$X$63,2,FALSE) * $I$5 + VLOOKUP($F18,$F$75:$X$94,2,FALSE)*$I$4 -> 1.2779863 | H18: =VLOOKUP($F18,$F$44:$X$63,3,FALSE) * $I$5 + VLOOKUP($F18,$F$75:$X$94,3,FALSE)*$I$4 -> 1.0000729 | I18: =VLOOKUP($F18,$F$44:$X$63,4,FALSE) * $I$5 + VLOOKUP($F18,$F$75:$X$94,4,FALSE)*$I$4 -> 1.0527774 | J18: =VLOOKUP($F18,$F$44:$X$63,5,FALSE) * $I$5 + VLOOKUP($F18,$F$75:$X$94,5,FALSE)*$I$4 -> 1.8417408 | K18: =VLOOKUP($F18,$F$44:$X$63,6,FALSE) * $I$5 + VLOOKUP($F18,$F$75:$X$94,6,FALSE)*$I$4 -> 1.4345908 | L18: =VLOOKUP($F18,$F$44:$X$63,7,FALSE) * $I$5 + VLOOKUP($F18,$F$75:$X$94,7,FALSE)*$I$4 -> 1.2466569 | M18: =VLOOKUP($F18,$F$44:$X$63,8,FALSE) * $I$5 + VLOOKUP($F18,$F$75:$X$94,8,FALSE)*$I$4 -> 1.339411 | N18: =VLOOKUP($F18,$F$44:$X$63,9,FALSE) * $I$5 + VLOOKUP($F18,$F$75:$X$94,9,FALSE)*$I$4 -> 1.3642269 | O18: =G18/$B$13 -> 0.84716605 | P18: =H18/$B$15 -> 0.83604434 | Q18: =I18/$B$17 -> 0.88254705 | R18: =J18/$B$19 -> 1.2217583 | S18: =K18/$B$23 -> 0.89935114 | T18: =L18/$B$25 -> 0.91109307 | U18: =M18/$B$27 -> 0.98067732 | V18: =N18/$B$29 -> 0.85555342
B19: =SUM(J11:J30)/20 -> 1.507451 | F19: Norwich City | G19: =VLOOKUP($F19,$F$44:$X$63,2,FALSE) -> 1 | H19: =VLOOKUP($F19,$F$44:$X$63,3,FALSE) -> 1.9473684 | I19: =VLOOKUP($F19,$F$44:$X$63,4,FALSE) -> 0.38888889 | J19: =VLOOKUP($F19,$F$44:$X$63,5,FALSE) -> 1.8333333 | K19: =VLOOKUP($F19,$F$44:$X$63,6,FALSE) -> 0.96473684 | L19: =VLOOKUP($F19,$F$44:$X$63,7,FALSE) -> 1.9373684 | M19: =VLOOKUP($F19,$F$44:$X$63,8,FALSE) -> 0.96277778 | N19: =VLOOKUP($F19,$F$44:$X$63,9,FALSE) -> 1.8144444 | O19: =G19/$B$13 -> 0.66289132 | P19: =H19/$B$15 -> 1.6279677 | Q19: =I19/$B$17 -> 0.32600695 | R19: =J19/$B$19 -> 1.2161811 | S19: =K19/$B$23 -> 0.60479767 | T19: =L19/$B$25 -> 1.4158851 | U19: =M19/$B$27 -> 0.70491756 | V19: =N19/$B$29 -> 1.1379002
F20: Sheffield United | G20: =VLOOKUP($F20,$F$44:$X$63,2,FALSE) -> 1.2631579 | H20: =VLOOKUP($F20,$F$44:$X$63,3,FALSE) -> 0.78947368 | I20: =VLOOKUP($F20,$F$44:$X$63,4,FALSE) -> 0.77777778 | J20: =VLOOKUP($F20,$F$44:$X$63,5,FALSE) -> 1.1666667 | K20: =VLOOKUP($F20,$F$44:$X$63,6,FALSE) -> 1.5542105 | L20: =VLOOKUP($F20,$F$44:$X$63,7,FALSE) -> 1.1410526 | M20: =VLOOKUP($F20,$F$44:$X$63,8,FALSE) -> 0.88055556 | N20: =VLOOKUP($F20,$F$44:$X$63,9,FALSE) -> 1.8027778 | O20: =G20/$B$13 -> 0.8373364 | P20: =H20/$B$15 -> 0.6599869 | Q20: =I20/$B$17 -> 0.65201391 | R20: =J20/$B$19 -> 0.7739334 | S20: =K20/$B$23 -> 0.97434126 | T20: =L20/$B$25 -> 0.83391437 | U20: =M20/$B$27 -> 0.64471687 | V20: =N20/$B$29 -> 1.1305837
F21: Leicester City | G21: =VLOOKUP($F21,$F$44:$X$63,2,FALSE) * $I$5 + VLOOKUP($F21,$F$75:$X$94,2,FALSE)*$I$4 -> 1.9439726 | H21: =VLOOKUP($F21,$F$44:$X$63,3,FALSE) * $I$5 + VLOOKUP($F21,$F$75:$X$94,3,FALSE)*$I$4 -> 0.8334852 | I21: =VLOOKUP($F21,$F$44:$X$63,4,FALSE) * $I$5 + VLOOKUP($F21,$F$75:$X$94,4,FALSE)*$I$4 -> 1.6840283 | J21: =VLOOKUP($F21,$F$44:$X$63,5,FALSE) * $I$5 + VLOOKUP($F21,$F$75:$X$94,5,FALSE)*$I$4 -> 1.2633037 | K21: =VLOOKUP($F21,$F$44:$X$63,6,FALSE) * $I$5 + VLOOKUP($F21,$F$75:$X$94,6,FALSE)*$I$4 -> 1.5971312 | L21: =VLOOKUP($F21,$F$44:$X$63,7,FALSE) * $I$5 + VLOOKUP($F21,$F$75:$X$94,7,FALSE)*$I$4 -> 1.2837743 | M21: =VLOOKUP($F21,$F$44:$X$63,8,FALSE) * $I$5 + VLOOKUP($F21,$F$75:$X$94,8,FALSE)*$I$4 -> 1.8281218 | N21: =VLOOKUP($F21,$F$44:$X$63,9,FALSE) * $I$5 + VLOOKUP($F21,$F$75:$X$94,9,FALSE)*$I$4 -> 1.369462 | O21: =G21/$B$13 -> 1.2886426 | P21: =H21/$B$15 -> 0.6967798 | Q21: =I21/$B$17 -> 1.411727 | R21: =J21/$B$19 -> 0.83803965 | S21: =K21/$B$23 -> 1.0012484 | T21: =L21/$B$25 -> 0.93821951 | U21: =M21/$B$27 -> 1.338497 | V21: =N21/$B$29 -> 0.85883652
B22: XHome Average goal scored | F22: Liverpool | G22: =VLOOKUP($F22,$F$44:$X$63,2,FALSE) * $I$5 + VLOOKUP($F22,$F$75:$X$94,2,FALSE)*$I$4 -> 2.7369515 | H22: =VLOOKUP($F22,$F$44:$X$63,3,FALSE) * $I$5 + VLOOKUP($F22,$F$75:$X$94,3,FALSE)*$I$4 -> 0.84188657 | I22: =VLOOKUP($F22,$F$44:$X$63,4,FALSE) * $I$5 + VLOOKUP($F22,$F$75:$X$94,4,FALSE)*$I$4 -> 1.6667517 | J22: =VLOOKUP($F22,$F$44:$X$63,5,FALSE) * $I$5 + VLOOKUP($F22,$F$75:$X$94,5,FALSE)*$I$4 -> 0.8887107 | K22: =VLOOKUP($F22,$F$44:$X$63,6,FALSE) * $I$5 + VLOOKUP($F22,$F$75:$X$94,6,FALSE)*$I$4 -> 2.5426097 | L22: =VLOOKUP($F22,$F$44:$X$63,7,FALSE) * $I$5 + VLOOKUP($F22,$F$75:$X$94,7,FALSE)*$I$4 -> 0.98249818 | M22: =VLOOKUP($F22,$F$44:$X$63,8,FALSE) * $I$5 + VLOOKUP($F22,$F$75:$X$94,8,FALSE)*$I$4 -> 1.9921831 | N22: =VLOOKUP($F22,$F$44:$X$63,9,FALSE) * $I$5 + VLOOKUP($F22,$F$75:$X$94,9,FALSE)*$I$4 -> 1.2708676 | O22: =G22/$B$13 -> 1.8143014 | P22: =H22/$B$15 -> 0.7038032 | Q22: =I22/$B$17 -> 1.397244 | R22: =J22/$B$19 -> 0.58954534 | S22: =K22/$B$23 -> 1.593973 | T22: =L22/$B$25 -> 0.71803818 | U22: =M22/$B$27 -> 1.4586179 | V22: =N22/$B$29 -> 0.79700458
B23: =SUM(K11:K30)/20 -> 1.5951398 | F23: Manchester City | G23: =VLOOKUP($F23,$F$44:$X$63,2,FALSE) * $I$5 + VLOOKUP($F23,$F$75:$X$94,2,FALSE)*$I$4 -> 2.8889658 | H23: =VLOOKUP($F23,$F$44:$X$63,3,FALSE) * $I$5 + VLOOKUP($F23,$F$75:$X$94,3,FALSE)*$I$4 -> 0.72215945 | I23: =VLOOKUP($F23,$F$44:$X$63,4,FALSE) * $I$5 + VLOOKUP($F23,$F$75:$X$94,4,FALSE)*$I$4 -> 2.3681659 | J23: =VLOOKUP($F23,$F$44:$X$63,5,FALSE) * $I$5 + VLOOKUP($F23,$F$75:$X$94,5,FALSE)*$I$4 -> 1.1574938 | K23: =VLOOKUP($F23,$F$44:$X$63,6,FALSE) * $I$5 + VLOOKUP($F23,$F$75:$X$94,6,FALSE)*$I$4 -> 2.7584169 | L23: =VLOOKUP($F23,$F$44:$X$63,7,FALSE) * $I$5 + VLOOKUP($F23,$F$75:$X$94,7,FALSE)*$I$4 -> 0.83830569 | M23: =VLOOKUP($F23,$F$44:$X$63,8,FALSE) * $I$5 + VLOOKUP($F23,$F$75:$X$94,8,FALSE)*$I$4 -> 2.7884546 | N23: =VLOOKUP($F23,$F$44:$X$63,9,FALSE) * $I$5 + VLOOKUP($F23,$F$75:$X$94,9,FALSE)*$I$4 -> 1.1948943 | O23: =G23/$B$13 -> 1.9150704 | P23: =H23/$B$15 -> 0.60371332 | Q23: =I23/$B$17 -> 1.985242 | R23: =J23/$B$19 -> 0.76784839 | S23: =K23/$B$23 -> 1.7292634 | T23: =L23/$B$25 -> 0.61265812 | U23: =M23/$B$27 -> 2.0416244 | V23: =N23/$B$29 -> 0.74935913
B24: XHome average goal conceded | F24: Manchester United | G24: =VLOOKUP($F24,$F$44:$X$63,2,FALSE) * $I$5 + VLOOKUP($F24,$F$75:$X$94,2,FALSE)*$I$4 -> 2.105008 | H24: =VLOOKUP($F24,$F$44:$X$63,3,FALSE) * $I$5 + VLOOKUP($F24,$F$75:$X$94,3,FALSE)*$I$4 -> 0.89502843 | I24: =VLOOKUP($F24,$F$44:$X$63,4,FALSE) * $I$5 + VLOOKUP($F24,$F$75:$X$94,4,FALSE)*$I$4 -> 1.3335763 | J24: =VLOOKUP($F24,$F$44:$X$63,5,FALSE) * $I$5 + VLOOKUP($F24,$F$75:$X$94,5,FALSE)*$I$4 -> 1.0558816 | K24: =VLOOKUP($F24,$F$44:$X$63,6,FALSE) * $I$5 + VLOOKUP($F24,$F$75:$X$94,6,FALSE)*$I$4 -> 1.8290286 | L24: =VLOOKUP($F24,$F$44:$X$63,7,FALSE) * $I$5 + VLOOKUP($F24,$F$75:$X$94,7,FALSE)*$I$4 -> 0.97126075 | M24: =VLOOKUP($F24,$F$44:$X$63,8,FALSE) * $I$5 + VLOOKUP($F24,$F$75:$X$94,8,FALSE)*$I$4 -> 1.5717144 | N24: =VLOOKUP($F24,$F$44:$X$63,9,FALSE) * $I$5 + VLOOKUP($F24,$F$75:$X$94,9,FALSE)*$I$4 -> 1.1841953 | O24: =G24/$B$13 -> 1.3953915 | P24: =H24/$B$15 -> 0.74822891 | Q24: =I24/$B$17 -> 1.1179418 | R24: =J24/$B$19 -> 0.70044173 | S24: =K24/$B$23 -> 1.1466259 | T24: =L24/$B$25 -> 0.70982554 | U24: =M24/$B$27 -> 1.150763 | V24: =N24/$B$29 -> 0.74264941
B25: =SUM(L11:L30)/20 -> 1.3683091 | F25: Newcastle | G25: =VLOOKUP($F25,$F$44:$X$63,2,FALSE) * $I$5 + VLOOKUP($F25,$F$75:$X$94,2,FALSE)*$I$4 -> 1.0556993 | H25: =VLOOKUP($F25,$F$44:$X$63,3,FALSE) * $I$5 + VLOOKUP($F25,$F$75:$X$94,3,FALSE)*$I$4 -> 1.0002187 | I25: =VLOOKUP($F25,$F$44:$X$63,4,FALSE) * $I$5 + VLOOKUP($F25,$F$75:$X$94,4,FALSE)*$I$4 -> 0.94736842 | J25: =VLOOKUP($F25,$F$44:$X$63,5,FALSE) * $I$5 + VLOOKUP($F25,$F$75:$X$94,5,FALSE)*$I$4 -> 1.9468581 | K25: =VLOOKUP($F25,$F$44:$X$63,6,FALSE) * $I$5 + VLOOKUP($F25,$F$75:$X$94,6,FALSE)*$I$4 -> 1.0684686 | L25: =VLOOKUP($F25,$F$44:$X$63,7,FALSE) * $I$5 + VLOOKUP($F25,$F$75:$X$94,7,FALSE)*$I$4 -> 1.7325557 | M25: =VLOOKUP($F25,$F$44:$X$63,8,FALSE) * $I$5 + VLOOKUP($F25,$F$75:$X$94,8,FALSE)*$I$4 -> 0.95156947 | N25: =VLOOKUP($F25,$F$44:$X$63,9,FALSE) * $I$5 + VLOOKUP($F25,$F$75:$X$94,9,FALSE)*$I$4 -> 1.9440574 | O25: =G25/$B$13 -> 0.69981392 | P25: =H25/$B$15 -> 0.83616623 | Q25: =I25/$B$17 -> 0.79418235 | R25: =J25/$B$19 -> 1.2914902 | S25: =K25/$B$23 -> 0.66982757 | T25: =L25/$B$25 -> 1.266202 | U25: =M25/$B$27 -> 0.69671117 | V25: =N25/$B$29 -> 1.219185
B26: XAway Average goal scored | F26: Southampton | G26: =VLOOKUP($F26,$F$44:$X$63,2,FALSE) * $I$5 + VLOOKUP($F26,$F$75:$X$94,2,FALSE)*$I$4 -> 1.0002916 | H26: =VLOOKUP($F26,$F$44:$X$63,3,FALSE) * $I$5 + VLOOKUP($F26,$F$75:$X$94,3,FALSE)*$I$4 -> 1.8886742 | I26: =VLOOKUP($F26,$F$44:$X$63,4,FALSE) * $I$5 + VLOOKUP($F26,$F$75:$X$94,4,FALSE)*$I$4 -> 1.57851 | J26: =VLOOKUP($F26,$F$44:$X$63,5,FALSE) * $I$5 + VLOOKUP($F26,$F$75:$X$94,5,FALSE)*$I$4 -> 1.316154 | K26: =VLOOKUP($F26,$F$44:$X$63,6,FALSE) * $I$5 + VLOOKUP($F26,$F$75:$X$94,6,FALSE)*$I$4 -> 1.2834331 | L26: =VLOOKUP($F26,$F$44:$X$63,7,FALSE) * $I$5 + VLOOKUP($F26,$F$75:$X$94,7,FALSE)*$I$4 -> 1.7392451 | M26: =VLOOKUP($F26,$F$44:$X$63,8,FALSE) * $I$5 + VLOOKUP($F26,$F$75:$X$94,8,FALSE)*$I$4 -> 1.6034546 | N26: =VLOOKUP($F26,$F$44:$X$63,9,FALSE) * $I$5 + VLOOKUP($F26,$F$75:$X$94,9,FALSE)*$I$4 -> 1.4659385 | O26: =G26/$B$13 -> 0.66308461 | P26: =H26/$B$15 -> 1.5789003 | Q26: =I26/$B$17 -> 1.3232706 | R26: =J26/$B$19 -> 0.87309901 | S26: =K26/$B$23 -> 0.80458971 | T26: =L26/$B$25 -> 1.2710908 | U26: =M26/$B$27 -> 1.1740023 | V26: =N26/$B$29 -> 0.91934026
B27: =SUM(M11:M30)/20 -> 1.365802 | F27: Tottenham Hotspur | G27: =VLOOKUP($F27,$F$44:$X$63,2,FALSE) * $I$5 + VLOOKUP($F27,$F$75:$X$94,2,FALSE)*$I$4 -> 1.8946639 | H27: =VLOOKUP($F27,$F$44:$X$63,3,FALSE) * $I$5 + VLOOKUP($F27,$F$75:$X$94,3,FALSE)*$I$4 -> 0.89470039 | I27: =VLOOKUP($F27,$F$44:$X$63,4,FALSE) * $I$5 + VLOOKUP($F27,$F$75:$X$94,4,FALSE)*$I$4 -> 1.3336128 | J27: =VLOOKUP($F27,$F$44:$X$63,5,FALSE) * $I$5 + VLOOKUP($F27,$F$75:$X$94,5,FALSE)*$I$4 -> 1.6108337 | K27: =VLOOKUP($F27,$F$44:$X$63,6,FALSE) * $I$5 + VLOOKUP($F27,$F$75:$X$94,6,FALSE)*$I$4 -> 1.6591034 | L27: =VLOOKUP($F27,$F$44:$X$63,7,FALSE) * $I$5 + VLOOKUP($F27,$F$75:$X$94,7,FALSE)*$I$4 -> 1.3016675 | M27: =VLOOKUP($F27,$F$44:$X$63,8,FALSE) * $I$5 + VLOOKUP($F27,$F$75:$X$94,8,FALSE)*$I$4 -> 1.362349 | N27: =VLOOKUP($F27,$F$44:$X$63,9,FALSE) * $I$5 + VLOOKUP($F27,$F$75:$X$94,9,FALSE)*$I$4 -> 1.7224314 | O27: =G27/$B$13 -> 1.2559563 | P27: =H27/$B$15 -> 0.74795468 | Q27: =I27/$B$17 -> 1.1179724 | R27: =J27/$B$19 -> 1.0685811 | S27: =K27/$B$23 -> 1.040099 | T27: =L27/$B$25 -> 0.95129639 | U27: =M27/$B$27 -> 0.99747184 | V27: =N27/$B$29 -> 1.0801957
B28: XAway average goal conceded | F28: Watford | G28: =VLOOKUP($F28,$F$44:$X$63,2,FALSE) * $I$5 + VLOOKUP($F28,$F$75:$X$94,2,FALSE)*$I$4 -> 1.1580405 | H28: =VLOOKUP($F28,$F$44:$X$63,3,FALSE) * $I$5 + VLOOKUP($F28,$F$75:$X$94,3,FALSE)*$I$4 -> 1.4210891 | I28: =VLOOKUP($F28,$F$44:$X$63,4,FALSE) * $I$5 + VLOOKUP($F28,$F$75:$X$94,4,FALSE)*$I$4 -> 0.66715265 | J28: =VLOOKUP($F28,$F$44:$X$63,5,FALSE) * $I$5 + VLOOKUP($F28,$F$75:$X$94,5,FALSE)*$I$4 -> 1.8887107 | K28: =VLOOKUP($F28,$F$44:$X$63,6,FALSE) * $I$5 + VLOOKUP($F28,$F$75:$X$94,6,FALSE)*$I$4 -> 1.5814036 | L28: =VLOOKUP($F28,$F$44:$X$63,7,FALSE) * $I$5 + VLOOKUP($F28,$F$75:$X$94,7,FALSE)*$I$4 -> 1.5195513 | M28: =VLOOKUP($F28,$F$44:$X$63,8,FALSE) * $I$5 + VLOOKUP($F28,$F$75:$X$94,8,FALSE)*$I$4 -> 0.92086608 | N28: =VLOOKUP($F28,$F$44:$X$63,9,FALSE) * $I$5 + VLOOKUP($F28,$F$75:$X$94,9,FALSE)*$I$4 -> 1.6523399 | O28: =G28/$B$13 -> 0.76765501 | P28: =H28/$B$15 -> 1.1880069 | Q28: =I28/$B$17 -> 0.55927646 | R28: =J28/$B$19 -> 1.2529168 | S28: =K28/$B$23 -> 0.99138873 | T28: =L28/$B$25 -> 1.1105322 | U28: =M28/$B$27 -> 0.67423104 | V28: =N28/$B$29 -> 1.0362389
B29: =SUM(N11:N30)/20 -> 1.5945549 | F29: West Ham United | G29: =VLOOKUP($F29,$F$44:$X$63,2,FALSE) * $I$5 + VLOOKUP($F29,$F$75:$X$94,2,FALSE)*$I$4 -> 1.6111617 | H29: =VLOOKUP($F29,$F$44:$X$63,3,FALSE) * $I$5 + VLOOKUP($F29,$F$75:$X$94,3,FALSE)*$I$4 -> 1.7775307 | I29: =VLOOKUP($F29,$F$44:$X$63,4,FALSE) * $I$5 + VLOOKUP($F29,$F$75:$X$94,4,FALSE)*$I$4 -> 1.0000364 | J29: =VLOOKUP($F29,$F$44:$X$63,5,FALSE) * $I$5 + VLOOKUP($F29,$F$75:$X$94,5,FALSE)*$I$4 -> 1.5262793 | K29: =VLOOKUP($F29,$F$44:$X$63,6,FALSE) * $I$5 + VLOOKUP($F29,$F$75:$X$94,6,FALSE)*$I$4 -> 1.4360733 | L29: =VLOOKUP($F29,$F$44:$X$63,7,FALSE) * $I$5 + VLOOKUP($F29,$F$75:$X$94,7,FALSE)*$I$4 -> 1.701987 | M29: =VLOOKUP($F29,$F$44:$X$63,8,FALSE) * $I$5 + VLOOKUP($F29,$F$75:$X$94,8,FALSE)*$I$4 -> 1.2468232 | N29: =VLOOKUP($F29,$F$44:$X$63,9,FALSE) * $I$5 + VLOOKUP($F29,$F$75:$X$94,9,FALSE)*$I$4 -> 2.0053627 | O29: =G29/$B$13 -> 1.0680251 | P29: =H29/$B$15 -> 1.4859862 | Q29: =I29/$B$17 -> 0.83833415 | R29: =J29/$B$19 -> 1.0124902 | S29: =K29/$B$23 -> 0.90028055 | T29: =L29/$B$25 -> 1.2438615 | U29: =M29/$B$27 -> 0.91288722 | V29: =N29/$B$29 -> 1.2576316
F30: Wolverhampton | G30: =VLOOKUP($F30,$F$44:$X$63,2,FALSE) * $I$5 + VLOOKUP($F30,$F$75:$X$94,2,FALSE)*$I$4 -> 1.4210891 | H30: =VLOOKUP($F30,$F$44:$X$63,3,FALSE) * $I$5 + VLOOKUP($F30,$F$75:$X$94,3,FALSE)*$I$4 -> 1.0000729 | I30: =VLOOKUP($F30,$F$44:$X$63,4,FALSE) * $I$5 + VLOOKUP($F30,$F$75:$X$94,4,FALSE)*$I$4 -> 1.3331025 | J30: =VLOOKUP($F30,$F$44:$X$63,5,FALSE) * $I$5 + VLOOKUP($F30,$F$75:$X$94,5,FALSE)*$I$4 -> 1.0557358 | K30: =VLOOKUP($F30,$F$44:$X$63,6,FALSE) * $I$5 + VLOOKUP($F30,$F$75:$X$94,6,FALSE)*$I$4 -> 1.4806962 | L30: =VLOOKUP($F30,$F$44:$X$63,7,FALSE) * $I$5 + VLOOKUP($F30,$F$75:$X$94,7,FALSE)*$I$4 -> 0.97692885 | M30: =VLOOKUP($F30,$F$44:$X$63,8,FALSE) * $I$5 + VLOOKUP($F30,$F$75:$X$94,8,FALSE)*$I$4 -> 1.4253749 | N30: =VLOOKUP($F30,$F$44:$X$63,9,FALSE) * $I$5 + VLOOKUP($F30,$F$75:$X$94,9,FALSE)*$I$4 -> 1.0862454 | O30: =G30/$B$13 -> 0.94202761 | P30: =H30/$B$15 -> 0.83604434 | Q30: =I30/$B$17 -> 1.1175446 | R30: =J30/$B$19 -> 0.70034501 | S30: =K30/$B$23 -> 0.92825479 | T30: =L30/$B$25 -> 0.71396795 | U30: =M30/$B$27 -> 1.0436176 | V30: =N30/$B$29 -> 0.68122167
G41: Season 19/20 | H41: Number of Games | I41: =SUM(W44:X63) -> 740
G43: HGS | H43: HGC | I43: AGS | J43: AGC | K43: HXGS | L43: HXGC | M43: AXGS | N43: AXGC | O43: Home AS | P43: Home DW | Q43: Away AS | R43: Away DW | S43: XHome AS | T43: XHome DW | U43: XAway AS | V43: XAway DW | W43: HGP | X43: AGP
F44: AFC Bournemouth | G44: =SUMIF('EPL DATA'!$F$1143:$F$1512,$F44,'EPL DATA'!$Q$1143:$Q$1512)/$W44 -> 1.1578947 | H44: =SUMIF('EPL DATA'!$F$1143:$F$1512,$F44,'EPL DATA'!$R$1143:$R$1512)/$W44 -> 1.5789474 | I44: =SUMIF('EPL DATA'!$G$1143:$G$1512,$F44,'EPL DATA'!$R$1143:$R$1512)/$X44 -> 0.83333333 | J44: =SUMIF('EPL DATA'!$G$1143:$G$1512,$F44,'EPL DATA'!$Q$1143:$Q$1512)/$X44 -> 1.8888889 | K44: =SUMIF('EPL DATA'!$F$1143:$F$1512,$F44,'EPL DATA'!$S$1143:$S$1512)/$W44 -> 1.3094737 | L44: =SUMIF('EPL DATA'!$F$1143:$F$1512,$F44,'EPL DATA'!$T$1143:$T$1512)/$W44 -> 1.6331579 | M44: =SUMIF('EPL DATA'!$G$1143:$G$1512,$F44,'EPL DATA'!$T$1143:$T$1512)/$X44 -> 1.1344444 | N44: =SUMIF('EPL DATA'!$G$1143:$G$1512,$F44,'EPL DATA'!$S$1143:$S$1512)/$X44 -> 1.7755556 | O44: =G44/$B$46 -> 0.76759062 | P44: =H44/$B$48 -> 1.3199707 | Q44: =I44/$B$50 -> 0.69861503 | R44: =J44/$B$52 -> 1.2530307 | S44: =K44/$B$56 -> 0.8209302 | T44: =L44/$B$58 -> 1.1935266 | U44: =M44/$B$60 -> 0.83059042 | V44: =N44/$B$62 -> 1.1135123 | W44: =COUNTIF('EPL DATA'!$F$1143:$F$1512, $F44) -> 19 | X44: =COUNTIF('EPL DATA'!$G$1143:$G$1512, $F44) -> 18
B45: Home Average goal scored | F45: Arsenal | G45: =SUMIF('EPL DATA'!$F$1143:$F$1512,$F45,'EPL DATA'!$Q$1143:$Q$1512)/$W45 -> 1.8333333 | H45: =SUMIF('EPL DATA'!$F$1143:$F$1512,$F45,'EPL DATA'!$R$1143:$R$1512)/$W45 -> 1.2222222 | I45: =SUMIF('EPL DATA'!$G$1143:$G$1512,$F45,'EPL DATA'!$R$1143:$R$1512)/$X45 -> 1.0526316 | J45: =SUMIF('EPL DATA'!$G$1143:$G$1512,$F45,'EPL DATA'!$Q$1143:$Q$1512)/$X45 -> 1.2631579 | K45: =SUMIF('EPL DATA'!$F$1143:$F$1512,$F45,'EPL DATA'!$S$1143:$S$1512)/$W45 -> 1.4822222 | L45: =SUMIF('EPL DATA'!$F$1143:$F$1512,$F45,'EPL DATA'!$T$1143:$T$1512)/$W45 -> 1.5822222 | M45: =SUMIF('EPL DATA'!$G$1143:$G$1512,$F45,'EPL DATA'!$T$1143:$T$1512)/$X45 -> 1.2573684 | N45: =SUMIF('EPL DATA'!$G$1143:$G$1512,$F45,'EPL DATA'!$S$1143:$S$1512)/$X45 -> 1.4652632 | O45: =G45/$B$46 -> 1.2153518 | P45: =H45/$B$48 -> 1.0217551 | Q45: =I45/$B$50 -> 0.88246109 | R45: =J45/$B$52 -> 0.83794006 | S45: =K45/$B$56 -> 0.92922905 | T45: =L45/$B$58 -> 1.1563023 | U45: =M45/$B$60 -> 0.92058996 | V45: =N45/$B$62 -> 0.91891718 | W45: =COUNTIF('EPL DATA'!$F$1143:$F$1512, $F45) -> 18 | X45: =COUNTIF('EPL DATA'!$G$1143:$G$1512, $F45) -> 19
B46: =SUM(G44:G63)/20 -> 1.5084795 | F46: Brighton and Hove Albion | G46: =SUMIF('EPL DATA'!$F$1143:$F$1512,$F46,'EPL DATA'!$Q$1143:$Q$1512)/$W46 -> 1.0526316 | H46: =SUMIF('EPL DATA'!$F$1143:$F$1512,$F46,'EPL DATA'!$R$1143:$R$1512)/$W46 -> 1.4210526 | I46: =SUMIF('EPL DATA'!$G$1143:$G$1512,$F46,'EPL DATA'!$R$1143:$R$1512)/$X46 -> 0.94444444 | J46: =SUMIF('EPL DATA'!$G$1143:$G$1512,$F46,'EPL DATA'!$Q$1143:$Q$1512)/$X46 -> 1.4444444 | K46: =SUMIF('EPL DATA'!$F$1143:$F$1512,$F46,'EPL DATA'!$S$1143:$S$1512)/$W46 -> 1.3252632 | L46: =SUMIF('EPL DATA'!$F$1143:$F$1512,$F46,'EPL DATA'!$T$1143:$T$1512)/$W46 -> 1.4736842 | M46: =SUMIF('EPL DATA'!$G$1143:$G$1512,$F46,'EPL DATA'!$T$1143:$T$1512)/$X46 -> 1.2566667 | N46: =SUMIF('EPL DATA'!$G$1143:$G$1512,$F46,'EPL DATA'!$S$1143:$S$1512)/$X46 -> 1.6744444 | O46: =G46/$B$46 -> 0.69780965 | P46: =H46/$B$48 -> 1.1879736 | Q46: =I46/$B$50 -> 0.7917637 | R46: =J46/$B$52 -> 0.95819998 | S46: =K46/$B$56 -> 0.83082888 | T46: =L46/$B$58 -> 1.0769818 | U46: =M46/$B$60 -> 0.92007617 | V46: =N46/$B$62 -> 1.050102 | W46: =COUNTIF('EPL DATA'!$F$1143:$F$1512, $F46) -> 19 | X46: =COUNTIF('EPL DATA'!$G$1143:$G$1512, $F46) -> 18
B47: Home average goal conceded | F47: Burnley | G47: =SUMIF('EPL DATA'!$F$1143:$F$1512,$F47,'EPL DATA'!$Q$1143:$Q$1512)/$W47 -> 1.2777778 | H47: =SUMIF('EPL DATA'!$F$1143:$F$1512,$F47,'EPL DATA'!$R$1143:$R$1512)/$W47 -> 1.1666667 | I47: =SUMIF('EPL DATA'!$G$1143:$G$1512,$F47,'EPL DATA'!$R$1143:$R$1512)/$X47 -> 1 | J47: =SUMIF('EPL DATA'!$G$1143:$G$1512,$F47,'EPL DATA'!$Q$1143:$Q$1512)/$X47 -> 1.4210526 | K47: =SUMIF('EPL DATA'!$F$1143:$F$1512,$F47,'EPL DATA'!$S$1143:$S$1512)/$W47 -> 1.6644444 | L47: =SUMIF('EPL DATA'!$F$1143:$F$1512,$F47,'EPL DATA'!$T$1143:$T$1512)/$W47 -> 1.4066667 | M47: =SUMIF('EPL DATA'!$G$1143:$G$1512,$F47,'EPL DATA'!$T$1143:$T$1512)/$X47 -> 1.0278947 | N47: =SUMIF('EPL DATA'!$G$1143:$G$1512,$F47,'EPL DATA'!$S$1143:$S$1512)/$X47 -> 1.5836842 | O47: =G47/$B$46 -> 0.84706338 | P47: =H47/$B$48 -> 0.97531166 | Q47: =I47/$B$50 -> 0.83833803 | R47: =J47/$B$52 -> 0.94268257 | S47: =K47/$B$56 -> 1.0434671 | T47: =L47/$B$58 -> 1.0280047 | U47: =M47/$B$60 -> 0.75257941 | V47: =N47/$B$62 -> 0.99318312 | W47: =COUNTIF('EPL DATA'!$F$1143:$F$1512, $F47) -> 18 | X47: =COUNTIF('EPL DATA'!$G$1143:$G$1512, $F47) -> 19
B48: =SUM(H44:H63)/20 -> 1.1961988 | F48: Aston Villa | G48: =SUMIF('EPL DATA'!$F$1143:$F$1512,$F48,'EPL DATA'!$Q$1143:$Q$1512)/$W48 -> 1.1578947 | H48: =SUMIF('EPL DATA'!$F$1143:$F$1512,$F48,'EPL DATA'!$R$1143:$R$1512)/$W48 -> 1.5789474 | I48: =SUMIF('EPL DATA'!$G$1143:$G$1512,$F48,'EPL DATA'!$R$1143:$R$1512)/$X48 -> 1 | J48: =SUMIF('EPL DATA'!$G$1143:$G$1512,$F48,'EPL DATA'!$Q$1143:$Q$1512)/$X48 -> 2 | K48: =SUMIF('EPL DATA'!$F$1143:$F$1512,$F48,'EPL DATA'!$S$1143:$S$1512)/$W48 -> 1.3542105 | L48: =SUMIF('EPL DATA'!$F$1143:$F$1512,$F48,'EPL DATA'!$T$1143:$T$1512)/$W48 -> 1.8184211 | M48: =SUMIF('EPL DATA'!$G$1143:$G$1512,$F48,'EPL DATA'!$T$1143:$T$1512)/$X48 -> 1.1483333 | N48: =SUMIF('EPL DATA'!$G$1143:$G$1512,$F48,'EPL DATA'!$S$1143:$S$1512)/$X48 -> 2.1072222 | O48: =G48/$B$46 -> 0.76759062 | P48: =H48/$B$48 -> 1.3199707 | Q48: =I48/$B$50 -> 0.83833803 | R48: =J48/$B$52 -> 1.3267384 | S48: =K48/$B$56 -> 0.84897645 | T48: =L48/$B$58 -> 1.3289186 | U48: =M48/$B$60 -> 0.84075926 | V48: =N48/$B$62 -> 1.3215119 | W48: =COUNTIF('EPL DATA'!$F$1143:$F$1512, $F48) -> 19 | X48: =COUNTIF('EPL DATA'!$G$1143:$G$1512, $F48) -> 18
B49: Away Average goal scored | F49: Chelsea | G49: =SUMIF('EPL DATA'!$F$1143:$F$1512,$F49,'EPL DATA'!$Q$1143:$Q$1512)/$W49 -> 1.5555556 | H49: =SUMIF('EPL DATA'!$F$1143:$F$1512,$F49,'EPL DATA'!$R$1143:$R$1512)/$W49 -> 0.88888889 | I49: =SUMIF('EPL DATA'!$G$1143:$G$1512,$F49,'EPL DATA'!$R$1143:$R$1512)/$X49 -> 2.0526316 | J49: =SUMIF('EPL DATA'!$G$1143:$G$1512,$F49,'EPL DATA'!$Q$1143:$Q$1512)/$X49 -> 2 | K49: =SUMIF('EPL DATA'!$F$1143:$F$1512,$F49,'EPL DATA'!$S$1143:$S$1512)/$W49 -> 2.5222222 | L49: =SUMIF('EPL DATA'!$F$1143:$F$1512,$F49,'EPL DATA'!$T$1143:$T$1512)/$W49 -> 0.78277778 | M49: =SUMIF('EPL DATA'!$G$1143:$G$1512,$F49,'EPL DATA'!$T$1143:$T$1512)/$X49 -> 1.7063158 | N49: =SUMIF('EPL DATA'!$G$1143:$G$1512,$F49,'EPL DATA'!$S$1143:$S$1512)/$X49 -> 1.4678947 | O49: =G49/$B$46 -> 1.0312076 | P49: =H49/$B$48 -> 0.7430946 | Q49: =I49/$B$50 -> 1.7207991 | R49: =J49/$B$52 -> 1.3267384 | S49: =K49/$B$56 -> 1.5812218 | T49: =L49/$B$58 -> 0.57206108 | U49: =M49/$B$60 -> 1.2492895 | V49: =N49/$B$62 -> 0.92056754 | W49: =COUNTIF('EPL DATA'!$F$1143:$F$1512, $F49) -> 18 | X49: =COUNTIF('EPL DATA'!$G$1143:$G$1512, $F49) -> 19
B50: =SUM(I44:I63)/20 -> 1.1928363 | F50: Crystal Palace | G50: =SUMIF('EPL DATA'!$F$1143:$F$1512,$F50,'EPL DATA'!$Q$1143:$Q$1512)/$W50 -> 0.77777778 | H50: =SUMIF('EPL DATA'!$F$1143:$F$1512,$F50,'EPL DATA'!$R$1143:$R$1512)/$W50 -> 1.0555556 | I50: =SUMIF('EPL DATA'!$G$1143:$G$1512,$F50,'EPL DATA'!$R$1143:$R$1512)/$X50 -> 0.84210526 | J50: =SUMIF('EPL DATA'!$G$1143:$G$1512,$F50,'EPL DATA'!$Q$1143:$Q$1512)/$X50 -> 1.5789474 | K50: =SUMIF('EPL DATA'!$F$1143:$F$1512,$F50,'EPL DATA'!$S$1143:$S$1512)/$W50 -> 1.055 | L50: =SUMIF('EPL DATA'!$F$1143:$F$1512,$F50,'EPL DATA'!$T$1143:$T$1512)/$W50 -> 1.2966667 | M50: =SUMIF('EPL DATA'!$G$1143:$G$1512,$F50,'EPL DATA'!$T$1143:$T$1512)/$X50 -> 0.91105263 | N50: =SUMIF('EPL DATA'!$G$1143:$G$1512,$F50,'EPL DATA'!$S$1143:$S$1512)/$X50 -> 1.9394737 | O50: =G50/$B$46 -> 0.5156038 | P50: =H50/$B$48 -> 0.88242484 | Q50: =I50/$B$50 -> 0.70596887 | R50: =J50/$B$52 -> 1.0474251 | S50: =K50/$B$56 -> 0.66139654 | T50: =L50/$B$58 -> 0.94761574 | U50: =M50/$B$60 -> 0.66703274 | V50: =N50/$B$62 -> 1.216311 | W50: =COUNTIF('EPL DATA'!$F$1143:$F$1512, $F50) -> 18 | X50: =COUNTIF('EPL DATA'!$G$1143:$G$1512, $F50) -> 19
B51: Away average goal conceded | F51: Everton | G51: =SUMIF('EPL DATA'!$F$1143:$F$1512,$F51,'EPL DATA'!$Q$1143:$Q$1512)/$W51 -> 1.2777778 | H51: =SUMIF('EPL DATA'!$F$1143:$F$1512,$F51,'EPL DATA'!$R$1143:$R$1512)/$W51 -> 1 | I51: =SUMIF('EPL DATA'!$G$1143:$G$1512,$F51,'EPL DATA'!$R$1143:$R$1512)/$X51 -> 1.0526316 | J51: =SUMIF('EPL DATA'!$G$1143:$G$1512,$F51,'EPL DATA'!$Q$1143:$Q$1512)/$X51 -> 1.8421053 | K51: =SUMIF('EPL DATA'!$F$1143:$F$1512,$F51,'EPL DATA'!$S$1143:$S$1512)/$W51 -> 1.4344444 | L51: =SUMIF('EPL DATA'!$F$1143:$F$1512,$F51,'EPL DATA'!$T$1143:$T$1512)/$W51 -> 1.2466667 | M51: =SUMIF('EPL DATA'!$G$1143:$G$1512,$F51,'EPL DATA'!$T$1143:$T$1512)/$X51 -> 1.3394737 | N51: =SUMIF('EPL DATA'!$G$1143:$G$1512,$F51,'EPL DATA'!$S$1143:$S$1512)/$X51 -> 1.3642105 | O51: =G51/$B$46 -> 0.84706338 | P51: =H51/$B$48 -> 0.83598142 | Q51: =I51/$B$50 -> 0.88246109 | R51: =J51/$B$52 -> 1.2219959 | S51: =K51/$B$56 -> 0.89927639 | T51: =L51/$B$58 -> 0.91107528 | U51: =M51/$B$60 -> 0.98070383 | V51: =N51/$B$62 -> 0.85554359 | W51: =COUNTIF('EPL DATA'!$F$1143:$F$1512, $F51) -> 18 | X51: =COUNTIF('EPL DATA'!$G$1143:$G$1512, $F51) -> 19
B52: =SUM(J44:J63)/20 -> 1.5074561 | F52: Norwich City | G52: =SUMIF('EPL DATA'!$F$1143:$F$1512,$F52,'EPL DATA'!$Q$1143:$Q$1512)/$W52 -> 1 | H52: =SUMIF('EPL DATA'!$F$1143:$F$1512,$F52,'EPL DATA'!$R$1143:$R$1512)/$W52 -> 1.9473684 | I52: =SUMIF('EPL DATA'!$G$1143:$G$1512,$F52,'EPL DATA'!$R$1143:$R$1512)/$X52 -> 0.38888889 | J52: =SUMIF('EPL DATA'!$G$1143:$G$1512,$F52,'EPL DATA'!$Q$1143:$Q$1512)/$X52 -> 1.8333333 | K52: =SUMIF('EPL DATA'!$F$1143:$F$1512,$F52,'EPL DATA'!$S$1143:$S$1512)/$W52 -> 0.96473684 | L52: =SUMIF('EPL DATA'!$F$1143:$F$1512,$F52,'EPL DATA'!$T$1143:$T$1512)/$W52 -> 1.9373684 | M52: =SUMIF('EPL DATA'!$G$1143:$G$1512,$F52,'EPL DATA'!$T$1143:$T$1512)/$X52 -> 0.96277778 | N52: =SUMIF('EPL DATA'!$G$1143:$G$1512,$F52,'EPL DATA'!$S$1143:$S$1512)/$X52 -> 1.8144444 | O52: =G52/$B$46 -> 0.66291917 | P52: =H52/$B$48 -> 1.6279638 | Q52: =I52/$B$50 -> 0.32602035 | R52: =J52/$B$52 -> 1.2161769 | S52: =K52/$B$56 -> 0.60480911 | T52: =L52/$B$58 -> 1.4158464 | U52: =M52/$B$60 -> 0.70490363 | V52: =N52/$B$62 -> 1.1379008 | W52: =COUNTIF('EPL DATA'!$F$1143:$F$1512, $F52) -> 19 | X52: =COUNTIF('EPL DATA'!$G$1143:$G$1512, $F52) -> 18
F53: Sheffield United | G53: =SUMIF('EPL DATA'!$F$1143:$F$1512,$F53,'EPL DATA'!$Q$1143:$Q$1512)/$W53 -> 1.2631579 | H53: =SUMIF('EPL DATA'!$F$1143:$F$1512,$F53,'EPL DATA'!$R$1143:$R$1512)/$W53 -> 0.78947368 | I53: =SUMIF('EPL DATA'!$G$1143:$G$1512,$F53,'EPL DATA'!$R$1143:$R$1512)/$X53 -> 0.77777778 | J53: =SUMIF('EPL DATA'!$G$1143:$G$1512,$F53,'EPL DATA'!$Q$1143:$Q$1512)/$X53 -> 1.1666667 | K53: =SUMIF('EPL DATA'!$F$1143:$F$1512,$F53,'EPL DATA'!$S$1143:$S$1512)/$W53 -> 1.5542105 | L53: =SUMIF('EPL DATA'!$F$1143:$F$1512,$F53,'EPL DATA'!$T$1143:$T$1512)/$W53 -> 1.1410526 | M53: =SUMIF('EPL DATA'!$G$1143:$G$1512,$F53,'EPL DATA'!$T$1143:$T$1512)/$X53 -> 0.88055556 | N53: =SUMIF('EPL DATA'!$G$1143:$G$1512,$F53,'EPL DATA'!$S$1143:$S$1512)/$X53 -> 1.8027778 | O53: =G53/$B$46 -> 0.83737158 | P53: =H53/$B$48 -> 0.65998533 | Q53: =I53/$B$50 -> 0.65204069 | R53: =J53/$B$52 -> 0.77393075 | S53: =K53/$B$56 -> 0.97435968 | T53: =L53/$B$58 -> 0.83389159 | U53: =M53/$B$60 -> 0.64470412 | V53: =N53/$B$62 -> 1.1305843 | W53: =COUNTIF('EPL DATA'!$F$1143:$F$1512, $F53) -> 19 | X53: =COUNTIF('EPL DATA'!$G$1143:$G$1512, $F53) -> 18
F54: Leicester City | G54: =SUMIF('EPL DATA'!$F$1143:$F$1512,$F54,'EPL DATA'!$Q$1143:$Q$1512)/$W54 -> 1.9444444 | H54: =SUMIF('EPL DATA'!$F$1143:$F$1512,$F54,'EPL DATA'!$R$1143:$R$1512)/$W54 -> 0.83333333 | I54: =SUMIF('EPL DATA'!$G$1143:$G$1512,$F54,'EPL DATA'!$R$1143:$R$1512)/$X54 -> 1.6842105 | J54: =SUMIF('EPL DATA'!$G$1143:$G$1512,$F54,'EPL DATA'!$Q$1143:$Q$1512)/$X54 -> 1.2631579 | K54: =SUMIF('EPL DATA'!$F$1143:$F$1512,$F54,'EPL DATA'!$S$1143:$S$1512)/$W54 -> 1.5972222 | L54: =SUMIF('EPL DATA'!$F$1143:$F$1512,$F54,'EPL DATA'!$T$1143:$T$1512)/$W54 -> 1.2838889 | M54: =SUMIF('EPL DATA'!$G$1143:$G$1512,$F54,'EPL DATA'!$T$1143:$T$1512)/$X54 -> 1.8284211 | N54: =SUMIF('EPL DATA'!$G$1143:$G$1512,$F54,'EPL DATA'!$S$1143:$S$1512)/$X54 -> 1.3694737 | O54: =G54/$B$46 -> 1.2890095 | P54: =H54/$B$48 -> 0.69665119 | Q54: =I54/$B$50 -> 1.4119377 | R54: =J54/$B$52 -> 0.83794006 | S54: =K54/$B$56 -> 1.0013244 | T54: =L54/$B$58 -> 0.93827762 | U54: =M54/$B$60 -> 1.3386896 | V54: =N54/$B$62 -> 0.85884429 | W54: =COUNTIF('EPL DATA'!$F$1143:$F$1512, $F54) -> 18 | X54: =COUNTIF('EPL DATA'!$G$1143:$G$1512, $F54) -> 19
B55: XHome Average goal scored | F55: Liverpool | G55: =SUMIF('EPL DATA'!$F$1143:$F$1512,$F55,'EPL DATA'!$Q$1143:$Q$1512)/$W55 -> 2.7368421 | H55: =SUMIF('EPL DATA'!$F$1143:$F$1512,$F55,'EPL DATA'!$R$1143:$R$1512)/$W55 -> 0.84210526 | I55: =SUMIF('EPL DATA'!$G$1143:$G$1512,$F55,'EPL DATA'!$R$1143:$R$1512)/$X55 -> 1.6666667 | J55: =SUMIF('EPL DATA'!$G$1143:$G$1512,$F55,'EPL DATA'!$Q$1143:$Q$1512)/$X55 -> 0.88888889 | K55: =SUMIF('EPL DATA'!$F$1143:$F$1512,$F55,'EPL DATA'!$S$1143:$S$1512)/$W55 -> 2.5426316 | L55: =SUMIF('EPL DATA'!$F$1143:$F$1512,$F55,'EPL DATA'!$T$1143:$T$1512)/$W55 -> 0.98263158 | M55: =SUMIF('EPL DATA'!$G$1143:$G$1512,$F55,'EPL DATA'!$T$1143:$T$1512)/$X55 -> 1.9922222 | N55: =SUMIF('EPL DATA'!$G$1143:$G$1512,$F55,'EPL DATA'!$S$1143:$S$1512)/$X55 -> 1.2711111 | O55: =G55/$B$46 -> 1.8143051 | P55: =H55/$B$48 -> 0.70398436 | Q55: =I55/$B$50 -> 1.3972301 | R55: =J55/$B$52 -> 0.58966153 | S55: =K55/$B$56 -> 1.5940168 | T55: =L55/$B$58 -> 0.71811605 | U55: =M55/$B$60 -> 1.4586177 | V55: =N55/$B$62 -> 0.79715772 | W55: =COUNTIF('EPL DATA'!$F$1143:$F$1512, $F55) -> 19 | X55: =COUNTIF('EPL DATA'!$G$1143:$G$1512, $F55) -> 18
B56: =SUM(K44:K63)/20 -> 1.5951096 | F56: Manchester City | G56: =SUMIF('EPL DATA'!$F$1143:$F$1512,$F56,'EPL DATA'!$Q$1143:$Q$1512)/$W56 -> 2.8888889 | H56: =SUMIF('EPL DATA'!$F$1143:$F$1512,$F56,'EPL DATA'!$R$1143:$R$1512)/$W56 -> 0.72222222 | I56: =SUMIF('EPL DATA'!$G$1143:$G$1512,$F56,'EPL DATA'!$R$1143:$R$1512)/$X56 -> 2.3684211 | J56: =SUMIF('EPL DATA'!$G$1143:$G$1512,$F56,'EPL DATA'!$Q$1143:$Q$1512)/$X56 -> 1.1578947 | K56: =SUMIF('EPL DATA'!$F$1143:$F$1512,$F56,'EPL DATA'!$S$1143:$S$1512)/$W56 -> 2.7583333 | L56: =SUMIF('EPL DATA'!$F$1143:$F$1512,$F56,'EPL DATA'!$T$1143:$T$1512)/$W56 -> 0.83833333 | M56: =SUMIF('EPL DATA'!$G$1143:$G$1512,$F56,'EPL DATA'!$T$1143:$T$1512)/$X56 -> 2.7889474 | N56: =SUMIF('EPL DATA'!$G$1143:$G$1512,$F56,'EPL DATA'!$S$1143:$S$1512)/$X56 -> 1.1952632 | O56: =G56/$B$46 -> 1.9150998 | P56: =H56/$B$48 -> 0.60376436 | Q56: =I56/$B$50 -> 1.9855374 | R56: =J56/$B$52 -> 0.76811173 | S56: =K56/$B$56 -> 1.7292437 | T56: =L56/$B$58 -> 0.61266159 | U56: =M56/$B$60 -> 2.0419448 | V56: =N56/$B$62 -> 0.74959085 | W56: =COUNTIF('EPL DATA'!$F$1143:$F$1512, $F56) -> 18 | X56: =COUNTIF('EPL DATA'!$G$1143:$G$1512, $F56) -> 19
B57: XHome average goal conceded | F57: Manchester United | G57: =SUMIF('EPL DATA'!$F$1143:$F$1512,$F57,'EPL DATA'!$Q$1143:$Q$1512)/$W57 -> 2.1052632 | H57: =SUMIF('EPL DATA'!$F$1143:$F$1512,$F57,'EPL DATA'!$R$1143:$R$1512)/$W57 -> 0.89473684 | I57: =SUMIF('EPL DATA'!$G$1143:$G$1512,$F57,'EPL DATA'!$R$1143:$R$1512)/$X57 -> 1.3333333 | J57: =SUMIF('EPL DATA'!$G$1143:$G$1512,$F57,'EPL DATA'!$Q$1143:$Q$1512)/$X57 -> 1.0555556 | K57: =SUMIF('EPL DATA'!$F$1143:$F$1512,$F57,'EPL DATA'!$S$1143:$S$1512)/$W57 -> 1.8289474 | L57: =SUMIF('EPL DATA'!$F$1143:$F$1512,$F57,'EPL DATA'!$T$1143:$T$1512)/$W57 -> 0.97105263 | M57: =SUMIF('EPL DATA'!$G$1143:$G$1512,$F57,'EPL DATA'!$T$1143:$T$1512)/$X57 -> 1.5716667 | N57: =SUMIF('EPL DATA'!$G$1143:$G$1512,$F57,'EPL DATA'!$S$1143:$S$1512)/$X57 -> 1.1838889 | O57: =G57/$B$46 -> 1.3956193 | P57: =H57/$B$48 -> 0.74798338 | Q57: =I57/$B$50 -> 1.117784 | R57: =J57/$B$52 -> 0.70022306 | S57: =K57/$B$56 -> 1.1465966 | T57: =L57/$B$58 -> 0.70965405 | U57: =M57/$B$60 -> 1.1507053 | V57: =N57/$B$62 -> 0.74245765 | W57: =COUNTIF('EPL DATA'!$F$1143:$F$1512, $F57) -> 19 | X57: =COUNTIF('EPL DATA'!$G$1143:$G$1512, $F57) -> 18
B58: =SUM(L44:L63)/20 -> 1.3683465 | F58: Newcastle | G58: =SUMIF('EPL DATA'!$F$1143:$F$1512,$F58,'EPL DATA'!$Q$1143:$Q$1512)/$W58 -> 1.0555556 | H58: =SUMIF('EPL DATA'!$F$1143:$F$1512,$F58,'EPL DATA'!$R$1143:$R$1512)/$W58 -> 1 | I58: =SUMIF('EPL DATA'!$G$1143:$G$1512,$F58,'EPL DATA'!$R$1143:$R$1512)/$X58 -> 0.94736842 | J58: =SUMIF('EPL DATA'!$G$1143:$G$1512,$F58,'EPL DATA'!$Q$1143:$Q$1512)/$X58 -> 1.9473684 | K58: =SUMIF('EPL DATA'!$F$1143:$F$1512,$F58,'EPL DATA'!$S$1143:$S$1512)/$W58 -> 1.0683333 | L58: =SUMIF('EPL DATA'!$F$1143:$F$1512,$F58,'EPL DATA'!$T$1143:$T$1512)/$W58 -> 1.7327778 | M58: =SUMIF('EPL DATA'!$G$1143:$G$1512,$F58,'EPL DATA'!$T$1143:$T$1512)/$X58 -> 0.95157895 | N58: =SUMIF('EPL DATA'!$G$1143:$G$1512,$F58,'EPL DATA'!$S$1143:$S$1512)/$X58 -> 1.9442105 | O58: =G58/$B$46 -> 0.69974801 | P58: =H58/$B$48 -> 0.83598142 | Q58: =I58/$B$50 -> 0.79421498 | R58: =J58/$B$52 -> 1.2918243 | S58: =K58/$B$56 -> 0.66975542 | T58: =L58/$B$58 -> 1.2663297 | U58: =M58/$B$60 -> 0.69670433 | V58: =N58/$B$62 -> 1.2192816 | W58: =COUNTIF('EPL DATA'!$F$1143:$F$1512, $F58) -> 18 | X58: =COUNTIF('EPL DATA'!$G$1143:$G$1512, $F58) -> 19
B59: XAway Average goal scored | F59: Southampton | G59: =SUMIF('EPL DATA'!$F$1143:$F$1512,$F59,'EPL DATA'!$Q$1143:$Q$1512)/$W59 -> 1 | H59: =SUMIF('EPL DATA'!$F$1143:$F$1512,$F59,'EPL DATA'!$R$1143:$R$1512)/$W59 -> 1.8888889 | I59: =SUMIF('EPL DATA'!$G$1143:$G$1512,$F59,'EPL DATA'!$R$1143:$R$1512)/$X59 -> 1.5789474 | J59: =SUMIF('EPL DATA'!$G$1143:$G$1512,$F59,'EPL DATA'!$Q$1143:$Q$1512)/$X59 -> 1.3157895 | K59: =SUMIF('EPL DATA'!$F$1143:$F$1512,$F59,'EPL DATA'!$S$1143:$S$1512)/$W59 -> 1.2833333 | L59: =SUMIF('EPL DATA'!$F$1143:$F$1512,$F59,'EPL DATA'!$T$1143:$T$1512)/$W59 -> 1.7394444 | M59: =SUMIF('EPL DATA'!$G$1143:$G$1512,$F59,'EPL DATA'!$T$1143:$T$1512)/$X59 -> 1.6036842 | N59: =SUMIF('EPL DATA'!$G$1143:$G$1512,$F59,'EPL DATA'!$S$1143:$S$1512)/$X59 -> 1.4657895 | O59: =G59/$B$46 -> 0.66291917 | P59: =H59/$B$48 -> 1.579076 | Q59: =I59/$B$50 -> 1.3236916 | R59: =J59/$B$52 -> 0.87285423 | S59: =K59/$B$56 -> 0.80454239 | T59: =L59/$B$58 -> 1.2712017 | U59: =M59/$B$60 -> 1.1741472 | V59: =N59/$B$62 -> 0.91924726 | W59: =COUNTIF('EPL DATA'!$F$1143:$F$1512, $F59) -> 18 | X59: =COUNTIF('EPL DATA'!$G$1143:$G$1512, $F59) -> 19
B60: =SUM(M44:M63)/20 -> 1.3658289 | F60: Tottenham Hotspur | G60: =SUMIF('EPL DATA'!$F$1143:$F$1512,$F60,'EPL DATA'!$Q$1143:$Q$1512)/$W60 -> 1.8947368 | H60: =SUMIF('EPL DATA'!$F$1143:$F$1512,$F60,'EPL DATA'!$R$1143:$R$1512)/$W60 -> 0.89473684 | I60: =SUMIF('EPL DATA'!$G$1143:$G$1512,$F60,'EPL DATA'!$R$1143:$R$1512)/$X60 -> 1.3333333 | J60: =SUMIF('EPL DATA'!$G$1143:$G$1512,$F60,'EPL DATA'!$Q$1143:$Q$1512)/$X60 -> 1.6111111 | K60: =SUMIF('EPL DATA'!$F$1143:$F$1512,$F60,'EPL DATA'!$S$1143:$S$1512)/$W60 -> 1.6589474 | L60: =SUMIF('EPL DATA'!$F$1143:$F$1512,$F60,'EPL DATA'!$T$1143:$T$1512)/$W60 -> 1.3015789 | M60: =SUMIF('EPL DATA'!$G$1143:$G$1512,$F60,'EPL DATA'!$T$1143:$T$1512)/$X60 -> 1.3622222 | N60: =SUMIF('EPL DATA'!$G$1143:$G$1512,$F60,'EPL DATA'!$S$1143:$S$1512)/$X60 -> 1.7227778 | O60: =G60/$B$46 -> 1.2560574 | P60: =H60/$B$48 -> 0.74798338 | Q60: =I60/$B$50 -> 1.117784 | R60: =J60/$B$52 -> 1.0687615 | S60: =K60/$B$56 -> 1.0400209 | T60: =L60/$B$58 -> 0.95120567 | U60: =M60/$B$60 -> 0.99735931 | V60: =N60/$B$62 -> 1.0804135 | W60: =COUNTIF('EPL DATA'!$F$1143:$F$1512, $F60) -> 19 | X60: =COUNTIF('EPL DATA'!$G$1143:$G$1512, $F60) -> 18
B61: XAway average goal conceded | F61: Watford | G61: =SUMIF('EPL DATA'!$F$1143:$F$1512,$F61,'EPL DATA'!$Q$1143:$Q$1512)/$W61 -> 1.1578947 | H61: =SUMIF('EPL DATA'!$F$1143:$F$1512,$F61,'EPL DATA'!$R$1143:$R$1512)/$W61 -> 1.4210526 | I61: =SUMIF('EPL DATA'!$G$1143:$G$1512,$F61,'EPL DATA'!$R$1143:$R$1512)/$X61 -> 0.66666667 | J61: =SUMIF('EPL DATA'!$G$1143:$G$1512,$F61,'EPL DATA'!$Q$1143:$Q$1512)/$X61 -> 1.8888889 | K61: =SUMIF('EPL DATA'!$F$1143:$F$1512,$F61,'EPL DATA'!$S$1143:$S$1512)/$W61 -> 1.5815789 | L61: =SUMIF('EPL DATA'!$F$1143:$F$1512,$F61,'EPL DATA'!$T$1143:$T$1512)/$W61 -> 1.5194737 | M61: =SUMIF('EPL DATA'!$G$1143:$G$1512,$F61,'EPL DATA'!$T$1143:$T$1512)/$X61 -> 0.92055556 | N61: =SUMIF('EPL DATA'!$G$1143:$G$1512,$F61,'EPL DATA'!$S$1143:$S$1512)/$X61 -> 1.6522222 | O61: =G61/$B$46 -> 0.76759062 | P61: =H61/$B$48 -> 1.1879736 | Q61: =I61/$B$50 -> 0.55889202 | R61: =J61/$B$52 -> 1.2530307 | S61: =K61/$B$56 -> 0.99151738 | T61: =L61/$B$58 -> 1.1104451 | U61: =M61/$B$60 -> 0.67399037 | V61: =N61/$B$62 -> 1.0361657 | W61: =COUNTIF('EPL DATA'!$F$1143:$F$1512, $F61) -> 19 | X61: =COUNTIF('EPL DATA'!$G$1143:$G$1512, $F61) -> 18
B62: =SUM(N44:N63)/20 -> 1.5945541 | F62: West Ham United | G62: =SUMIF('EPL DATA'!$F$1143:$F$1512,$F62,'EPL DATA'!$Q$1143:$Q$1512)/$W62 -> 1.6111111 | H62: =SUMIF('EPL DATA'!$F$1143:$F$1512,$F62,'EPL DATA'!$R$1143:$R$1512)/$W62 -> 1.7777778 | I62: =SUMIF('EPL DATA'!$G$1143:$G$1512,$F62,'EPL DATA'!$R$1143:$R$1512)/$X62 -> 1 | J62: =SUMIF('EPL DATA'!$G$1143:$G$1512,$F62,'EPL DATA'!$Q$1143:$Q$1512)/$X62 -> 1.5263158 | K62: =SUMIF('EPL DATA'!$F$1143:$F$1512,$F62,'EPL DATA'!$S$1143:$S$1512)/$W62 -> 1.4361111 | L62: =SUMIF('EPL DATA'!$F$1143:$F$1512,$F62,'EPL DATA'!$T$1143:$T$1512)/$W62 -> 1.7022222 | M62: =SUMIF('EPL DATA'!$G$1143:$G$1512,$F62,'EPL DATA'!$T$1143:$T$1512)/$X62 -> 1.2468421 | N62: =SUMIF('EPL DATA'!$G$1143:$G$1512,$F62,'EPL DATA'!$S$1143:$S$1512)/$X62 -> 2.0052632 | O62: =G62/$B$46 -> 1.0680364 | P62: =H62/$B$48 -> 1.4861892 | Q62: =I62/$B$50 -> 0.83833803 | R62: =J62/$B$52 -> 1.0125109 | S62: =K62/$B$56 -> 0.90032125 | T62: =L62/$B$58 -> 1.2439994 | U62: =M62/$B$60 -> 0.91288306 | V62: =N62/$B$62 -> 1.2575699 | W62: =COUNTIF('EPL DATA'!$F$1143:$F$1512, $F62) -> 18 | X62: =COUNTIF('EPL DATA'!$G$1143:$G$1512, $F62) -> 19
F63: Wolverhampton | G63: =SUMIF('EPL DATA'!$F$1143:$F$1512,$F63,'EPL DATA'!$Q$1143:$Q$1512)/$W63 -> 1.4210526 | H63: =SUMIF('EPL DATA'!$F$1143:$F$1512,$F63,'EPL DATA'!$R$1143:$R$1512)/$W63 -> 1 | I63: =SUMIF('EPL DATA'!$G$1143:$G$1512,$F63,'EPL DATA'!$R$1143:$R$1512)/$X63 -> 1.3333333 | J63: =SUMIF('EPL DATA'!$G$1143:$G$1512,$F63,'EPL DATA'!$Q$1143:$Q$1512)/$X63 -> 1.0555556 | K63: =SUMIF('EPL DATA'!$F$1143:$F$1512,$F63,'EPL DATA'!$S$1143:$S$1512)/$W63 -> 1.4805263 | L63: =SUMIF('EPL DATA'!$F$1143:$F$1512,$F63,'EPL DATA'!$T$1143:$T$1512)/$W63 -> 0.97684211 | M63: =SUMIF('EPL DATA'!$G$1143:$G$1512,$F63,'EPL DATA'!$T$1143:$T$1512)/$X63 -> 1.4255556 | N63: =SUMIF('EPL DATA'!$G$1143:$G$1512,$F63,'EPL DATA'!$S$1143:$S$1512)/$X63 -> 1.0861111 | O63: =G63/$B$46 -> 0.94204303 | P63: =H63/$B$48 -> 0.83598142 | Q63: =I63/$B$50 -> 1.117784 | R63: =J63/$B$52 -> 0.70022306 | S63: =K63/$B$56 -> 0.92816586 | T63: =L63/$B$58 -> 0.71388505 | U63: =M63/$B$60 -> 1.0437292 | V63: =N63/$B$62 -> 0.68113783 | W63: =COUNTIF('EPL DATA'!$F$1143:$F$1512, $F63) -> 19 | X63: =COUNTIF('EPL DATA'!$G$1143:$G$1512, $F63) -> 18 | Y63: =SUM(W44:X63) -> 740
G72: Season 18/19
G74: HGS | H74: HGC | I74: AGS | J74: AGC | K74: HXGS | L74: HXGC | M74: AXGS | N74: AXGC | O74: Home AS | P74: Home DW | Q74: Away AS | R74: Away DW | S74: XHome AS | T74: XHome DW | U74: XAway AS | V74: XAway DW | W74: HGP | X74: AGP
F75: AFC Bournemouth | G75: =SUMIF('EPL DATA'!$F$763:$F$1142,$F75,'EPL DATA'!$Q$763:$Q$1142)/$W75 -> 1.5789474 | H75: =SUMIF('EPL DATA'!$F$763:$F$1142,$F75,'EPL DATA'!$R$763:$R$1142)/$W75 -> 1.3157895 | I75: =SUMIF('EPL DATA'!$G$763:$G$1142,$F75,'EPL DATA'!$R$763:$R$1142)/$X75 -> 1.3684211 | J75: =SUMIF('EPL DATA'!$G$763:$G$1142,$F75,'EPL DATA'!$Q$763:$Q$1142)/$X75 -> 2.3684211 | K75: =SUMIF('EPL DATA'!$F$763:$F$1142,$F75,'EPL DATA'!$S$763:$S$1142)/$W75 -> 1.7052632 | L75: =SUMIF('EPL DATA'!$F$763:$F$1142,$F75,'EPL DATA'!$T$763:$T$1142)/$W75 -> 1.3505263 | M75: =SUMIF('EPL DATA'!$G$763:$G$1142,$F75,'EPL DATA'!$T$763:$T$1142)/$X75 -> 1.4805263 | N75: =SUMIF('EPL DATA'!$G$763:$G$1142,$F75,'EPL DATA'!$S$763:$S$1142)/$X75 -> 1.8342105 | O75: =G75/$B$13 -> 1.0466705 | P75: =H75/$B$15 -> 1.0999782 | Q75: =I75/$B$17 -> 1.1471523 | R75: =J75/$B$19 -> 1.571143 | S75: =K75/$B$23 -> 1.0690368 | T75: =L75/$B$25 -> 0.98700382 | U75: =M75/$B$27 -> 1.0839978 | V75: =N75/$B$29 -> 1.1502962 | W75: =COUNTIF('EPL DATA'!$F$763:$F$1142, $F75) -> 19 | X75: =COUNTIF('EPL DATA'!$G$763:$G$1142, $F75) -> 19
B76: Home Average goal scored | F76: Arsenal | G76: =SUMIF('EPL DATA'!$F$763:$F$1142,$F76,'EPL DATA'!$Q$763:$Q$1142)/$W76 -> 2.2105263 | H76: =SUMIF('EPL DATA'!$F$763:$F$1142,$F76,'EPL DATA'!$R$763:$R$1142)/$W76 -> 0.84210526 | I76: =SUMIF('EPL DATA'!$G$763:$G$1142,$F76,'EPL DATA'!$R$763:$R$1142)/$X76 -> 1.6315789 | J76: =SUMIF('EPL DATA'!$G$763:$G$1142,$F76,'EPL DATA'!$Q$763:$Q$1142)/$X76 -> 1.8421053 | K76: =SUMIF('EPL DATA'!$F$763:$F$1142,$F76,'EPL DATA'!$S$763:$S$1142)/$W76 -> 1.9178947 | L76: =SUMIF('EPL DATA'!$F$763:$F$1142,$F76,'EPL DATA'!$T$763:$T$1142)/$W76 -> 1.3684211 | M76: =SUMIF('EPL DATA'!$G$763:$G$1142,$F76,'EPL DATA'!$T$763:$T$1142)/$X76 -> 1.4163158 | N76: =SUMIF('EPL DATA'!$G$763:$G$1142,$F76,'EPL DATA'!$S$763:$S$1142)/$X76 -> 1.6915789 | O76: =G76/$B$13 -> 1.4653387 | P76: =H76/$B$15 -> 0.70398602 | Q76: =I76/$B$17 -> 1.3677585 | R76: =J76/$B$19 -> 1.2220001 | S76: =K76/$B$23 -> 1.2023365 | T76: =L76/$B$25 -> 1.0000818 | U76: =M76/$B$27 -> 1.0369847 | V76: =N76/$B$29 -> 1.0608471 | W76: =COUNTIF('EPL DATA'!$F$763:$F$1142, $F76) -> 19 | X76: =COUNTIF('EPL DATA'!$G$763:$G$1142, $F76) -> 19
B77: =SUM(G75:G94)/20 -> 1.5684211 | F77: Brighton and Hove Albion | G77: =SUMIF('EPL DATA'!$F$763:$F$1142,$F77,'EPL DATA'!$Q$763:$Q$1142)/$W77 -> 1 | H77: =SUMIF('EPL DATA'!$F$763:$F$1142,$F77,'EPL DATA'!$R$763:$R$1142)/$W77 -> 1.4736842 | I77: =SUMIF('EPL DATA'!$G$763:$G$1142,$F77,'EPL DATA'!$R$763:$R$1142)/$X77 -> 0.84210526 | J77: =SUMIF('EPL DATA'!$G$763:$G$1142,$F77,'EPL DATA'!$Q$763:$Q$1142)/$X77 -> 1.6842105 | K77: =SUMIF('EPL DATA'!$F$763:$F$1142,$F77,'EPL DATA'!$S$763:$S$1142)/$W77 -> 1.1110526 | L77: =SUMIF('EPL DATA'!$F$763:$F$1142,$F77,'EPL DATA'!$T$763:$T$1142)/$W77 -> 1.3742105 | M77: =SUMIF('EPL DATA'!$G$763:$G$1142,$F77,'EPL DATA'!$T$763:$T$1142)/$X77 -> 0.90315789 | N77: =SUMIF('EPL DATA'!$G$763:$G$1142,$F77,'EPL DATA'!$S$763:$S$1142)/$X77 -> 2.0015789 | O77: =G77/$B$13 -> 0.66289132 | P77: =H77/$B$15 -> 1.2319755 | Q77: =I77/$B$17 -> 0.70593987 | R77: =J77/$B$19 -> 1.1172572 | S77: =K77/$B$23 -> 0.69652367 | T77: =L77/$B$25 -> 1.0043129 | U77: =M77/$B$27 -> 0.66126564 | V77: =N77/$B$29 -> 1.2552587 | W77: =COUNTIF('EPL DATA'!$F$763:$F$1142, $F77) -> 19 | X77: =COUNTIF('EPL DATA'!$G$763:$G$1142, $F77) -> 19
B78: Home average goal conceded | F78: Burnley | G78: =SUMIF('EPL DATA'!$F$763:$F$1142,$F78,'EPL DATA'!$Q$763:$Q$1142)/$W78 -> 1.2631579 | H78: =SUMIF('EPL DATA'!$F$763:$F$1142,$F78,'EPL DATA'!$R$763:$R$1142)/$W78 -> 1.6842105 | I78: =SUMIF('EPL DATA'!$G$763:$G$1142,$F78,'EPL DATA'!$R$763:$R$1142)/$X78 -> 1.1052632 | J78: =SUMIF('EPL DATA'!$G$763:$G$1142,$F78,'EPL DATA'!$Q$763:$Q$1142)/$X78 -> 1.8947368 | K78: =SUMIF('EPL DATA'!$F$763:$F$1142,$F78,'EPL DATA'!$S$763:$S$1142)/$W78 -> 1.3831579 | L78: =SUMIF('EPL DATA'!$F$763:$F$1142,$F78,'EPL DATA'!$T$763:$T$1142)/$W78 -> 1.5689474 | M78: =SUMIF('EPL DATA'!$G$763:$G$1142,$F78,'EPL DATA'!$T$763:$T$1142)/$X78 -> 1.0852632 | N78: =SUMIF('EPL DATA'!$G$763:$G$1142,$F78,'EPL DATA'!$S$763:$S$1142)/$X78 -> 1.9421053 | O78: =G78/$B$13 -> 0.8373364 | P78: =H78/$B$15 -> 1.407972 | Q78: =I78/$B$17 -> 0.92654608 | R78: =J78/$B$19 -> 1.2569144 | S78: =K78/$B$23 -> 0.86710763 | T78: =L78/$B$25 -> 1.1466323 | U78: =M78/$B$27 -> 0.79459775 | V78: =N78/$B$29 -> 1.2179607 | W78: =COUNTIF('EPL DATA'!$F$763:$F$1142, $F78) -> 19 | X78: =COUNTIF('EPL DATA'!$G$763:$G$1142, $F78) -> 19
B79: =SUM(H75:H94)/20 -> 1.2526316 | F79: Cardiff City | G79: =SUMIF('EPL DATA'!$F$763:$F$1142,$F79,'EPL DATA'!$Q$763:$Q$1142)/$W79 -> 1.1052632 | H79: =SUMIF('EPL DATA'!$F$763:$F$1142,$F79,'EPL DATA'!$R$763:$R$1142)/$W79 -> 2 | I79: =SUMIF('EPL DATA'!$G$763:$G$1142,$F79,'EPL DATA'!$R$763:$R$1142)/$X79 -> 0.68421053 | J79: =SUMIF('EPL DATA'!$G$763:$G$1142,$F79,'EPL DATA'!$Q$763:$Q$1142)/$X79 -> 1.6315789 | K79: =SUMIF('EPL DATA'!$F$763:$F$1142,$F79,'EPL DATA'!$S$763:$S$1142)/$W79 -> 1.2973684 | L79: =SUMIF('EPL DATA'!$F$763:$F$1142,$F79,'EPL DATA'!$T$763:$T$1142)/$W79 -> 1.4810526 | M79: =SUMIF('EPL DATA'!$G$763:$G$1142,$F79,'EPL DATA'!$T$763:$T$1142)/$X79 -> 0.87526316 | N79: =SUMIF('EPL DATA'!$G$763:$G$1142,$F79,'EPL DATA'!$S$763:$S$1142)/$X79 -> 1.9810526 | O79: =G79/$B$13 -> 0.73266935 | P79: =H79/$B$15 -> 1.6719668 | Q79: =I79/$B$17 -> 0.57357614 | R79: =J79/$B$19 -> 1.082343 | S79: =K79/$B$23 -> 0.81332584 | T79: =L79/$B$25 -> 1.0823962 | U79: =M79/$B$27 -> 0.64084193 | V79: =N79/$B$29 -> 1.2423859 | W79: =COUNTIF('EPL DATA'!$F$763:$F$1142, $F79) -> 19 | X79: =COUNTIF('EPL DATA'!$G$763:$G$1142, $F79) -> 19
B80: Away Average goal scored | F80: Chelsea | G80: =SUMIF('EPL DATA'!$F$763:$F$1142,$F80,'EPL DATA'!$Q$763:$Q$1142)/$W80 -> 2.0526316 | H80: =SUMIF('EPL DATA'!$F$763:$F$1142,$F80,'EPL DATA'!$R$763:$R$1142)/$W80 -> 0.63157895 | I80: =SUMIF('EPL DATA'!$G$763:$G$1142,$F80,'EPL DATA'!$R$763:$R$1142)/$X80 -> 1.2631579 | J80: =SUMIF('EPL DATA'!$G$763:$G$1142,$F80,'EPL DATA'!$Q$763:$Q$1142)/$X80 -> 1.4210526 | K80: =SUMIF('EPL DATA'!$F$763:$F$1142,$F80,'EPL DATA'!$S$763:$S$1142)/$W80 -> 1.8963158 | L80: =SUMIF('EPL DATA'!$F$763:$F$1142,$F80,'EPL DATA'!$T$763:$T$1142)/$W80 -> 0.80157895 | M80: =SUMIF('EPL DATA'!$G$763:$G$1142,$F80,'EPL DATA'!$T$763:$T$1142)/$X80 -> 1.7005263 | N80: =SUMIF('EPL DATA'!$G$763:$G$1142,$F80,'EPL DATA'!$S$763:$S$1142)/$X80 -> 1.3747368 | O80: =G80/$B$13 -> 1.3606717 | P80: =H80/$B$15 -> 0.52798952 | Q80: =I80/$B$17 -> 1.0589098 | R80: =J80/$B$19 -> 0.9426858 | S80: =K80/$B$23 -> 1.1888085 | T80: =L80/$B$25 -> 0.58581715 | U80: =M80/$B$27 -> 1.2450753 | V80: =N80/$B$29 -> 0.86214454 | W80: =COUNTIF('EPL DATA'!$F$763:$F$1142, $F80) -> 19 | X80: =COUNTIF('EPL DATA'!$G$763:$G$1142, $F80) -> 19
B81: =SUM(I75:I94)/20 -> 1.2526316 | F81: Crystal Palace | G81: =SUMIF('EPL DATA'!$F$763:$F$1142,$F81,'EPL DATA'!$Q$763:$Q$1142)/$W81 -> 1 | H81: =SUMIF('EPL DATA'!$F$763:$F$1142,$F81,'EPL DATA'!$R$763:$R$1142)/$W81 -> 1.2105263 | I81: =SUMIF('EPL DATA'!$G$763:$G$1142,$F81,'EPL DATA'!$R$763:$R$1142)/$X81 -> 1.6842105 | J81: =SUMIF('EPL DATA'!$G$763:$G$1142,$F81,'EPL DATA'!$Q$763:$Q$1142)/$X81 -> 1.5789474 | K81: =SUMIF('EPL DATA'!$F$763:$F$1142,$F81,'EPL DATA'!$S$763:$S$1142)/$W81 -> 1.4273684 | L81: =SUMIF('EPL DATA'!$F$763:$F$1142,$F81,'EPL DATA'!$T$763:$T$1142)/$W81 -> 1.3263158 | M81: =SUMIF('EPL DATA'!$G$763:$G$1142,$F81,'EPL DATA'!$T$763:$T$1142)/$X81 -> 1.1521053 | N81: =SUMIF('EPL DATA'!$G$763:$G$1142,$F81,'EPL DATA'!$S$763:$S$1142)/$X81 -> 1.52 | O81: =G81/$B$13 -> 0.66289132 | P81: =H81/$B$15 -> 1.0119799 | Q81: =I81/$B$17 -> 1.4118797 | R81: =J81/$B$19 -> 1.0474287 | S81: =K81/$B$23 -> 0.8948234 | T81: =L81/$B$25 -> 0.96931006 | U81: =M81/$B$27 -> 0.84353757 | V81: =N81/$B$29 -> 0.95324405 | W81: =COUNTIF('EPL DATA'!$F$763:$F$1142, $F81) -> 19 | X81: =COUNTIF('EPL DATA'!$G$763:$G$1142, $F81) -> 19
B82: Away average goal conceded | F82: Everton | G82: =SUMIF('EPL DATA'!$F$763:$F$1142,$F82,'EPL DATA'!$Q$763:$Q$1142)/$W82 -> 1.5789474 | H82: =SUMIF('EPL DATA'!$F$763:$F$1142,$F82,'EPL DATA'!$R$763:$R$1142)/$W82 -> 1.1052632 | I82: =SUMIF('EPL DATA'!$G$763:$G$1142,$F82,'EPL DATA'!$R$763:$R$1142)/$X82 -> 1.2631579 | J82: =SUMIF('EPL DATA'!$G$763:$G$1142,$F82,'EPL DATA'!$Q$763:$Q$1142)/$X82 -> 1.3157895 | K82: =SUMIF('EPL DATA'!$F$763:$F$1142,$F82,'EPL DATA'!$S$763:$S$1142)/$W82 -> 1.6457895 | L82: =SUMIF('EPL DATA'!$F$763:$F$1142,$F82,'EPL DATA'!$T$763:$T$1142)/$W82 -> 1.2326316 | M82: =SUMIF('EPL DATA'!$G$763:$G$1142,$F82,'EPL DATA'!$T$763:$T$1142)/$X82 -> 1.2489474 | N82: =SUMIF('EPL DATA'!$G$763:$G$1142,$F82,'EPL DATA'!$S$763:$S$1142)/$X82 -> 1.3878947 | O82: =G82/$B$13 -> 1.0466705 | P82: =H82/$B$15 -> 0.92398166 | Q82: =I82/$B$17 -> 1.0589098 | R82: =J82/$B$19 -> 0.87285722 | S82: =K82/$B$23 -> 1.0317525 | T82: =L82/$B$25 -> 0.90084292 | U82: =M82/$B$27 -> 0.91444251 | V82: =N82/$B$29 -> 0.87039631 | W82: =COUNTIF('EPL DATA'!$F$763:$F$1142, $F82) -> 19 | X82: =COUNTIF('EPL DATA'!$G$763:$G$1142, $F82) -> 19
B83: =SUM(J75:J94)/20 -> 1.5684211 | F83: Fulham | G83: =SUMIF('EPL DATA'!$F$763:$F$1142,$F83,'EPL DATA'!$Q$763:$Q$1142)/$W83 -> 1.1578947 | H83: =SUMIF('EPL DATA'!$F$763:$F$1142,$F83,'EPL DATA'!$R$763:$R$1142)/$W83 -> 1.8947368 | I83: =SUMIF('EPL DATA'!$G$763:$G$1142,$F83,'EPL DATA'!$R$763:$R$1142)/$X83 -> 0.63157895 | J83: =SUMIF('EPL DATA'!$G$763:$G$1142,$F83,'EPL DATA'!$Q$763:$Q$1142)/$X83 -> 2.3684211 | K83: =SUMIF('EPL DATA'!$F$763:$F$1142,$F83,'EPL DATA'!$S$763:$S$1142)/$W83 -> 1.2842105 | L83: =SUMIF('EPL DATA'!$F$763:$F$1142,$F83,'EPL DATA'!$T$763:$T$1142)/$W83 -> 1.5926316 | M83: =SUMIF('EPL DATA'!$G$763:$G$1142,$F83,'EPL DATA'!$T$763:$T$1142)/$X83 -> 0.92 | N83: =SUMIF('EPL DATA'!$G$763:$G$1142,$F83,'EPL DATA'!$S$763:$S$1142)/$X83 -> 2.2931579 | O83: =G83/$B$13 -> 0.76755837 | P83: =H83/$B$15 -> 1.5839686 | Q83: =I83/$B$17 -> 0.5294549 | R83: =J83/$B$19 -> 1.571143 | S83: =K83/$B$23 -> 0.8050771 | T83: =L83/$B$25 -> 1.1639414 | U83: =M83/$B$27 -> 0.67359693 | V83: =N83/$B$29 -> 1.4381178 | W83: =COUNTIF('EPL DATA'!$F$763:$F$1142, $F83) -> 19 | X83: =COUNTIF('EPL DATA'!$G$763:$G$1142, $F83) -> 19
F84: Huddersfield Town | G84: =SUMIF('EPL DATA'!$F$763:$F$1142,$F84,'EPL DATA'!$Q$763:$Q$1142)/$W84 -> 0.52631579 | H84: =SUMIF('EPL DATA'!$F$763:$F$1142,$F84,'EPL DATA'!$R$763:$R$1142)/$W84 -> 1.6315789 | I84: =SUMIF('EPL DATA'!$G$763:$G$1142,$F84,'EPL DATA'!$R$763:$R$1142)/$X84 -> 0.63157895 | J84: =SUMIF('EPL DATA'!$G$763:$G$1142,$F84,'EPL DATA'!$Q$763:$Q$1142)/$X84 -> 2.3684211 | K84: =SUMIF('EPL DATA'!$F$763:$F$1142,$F84,'EPL DATA'!$S$763:$S$1142)/$W84 -> 0.85315789 | L84: =SUMIF('EPL DATA'!$F$763:$F$1142,$F84,'EPL DATA'!$T$763:$T$1142)/$W84 -> 1.6163158 | M84: =SUMIF('EPL DATA'!$G$763:$G$1142,$F84,'EPL DATA'!$T$763:$T$1142)/$X84 -> 0.74 | N84: =SUMIF('EPL DATA'!$G$763:$G$1142,$F84,'EPL DATA'!$S$763:$S$1142)/$X84 -> 1.8694737 | O84: =G84/$B$13 -> 0.34889017 | P84: =H84/$B$15 -> 1.3639729 | Q84: =I84/$B$17 -> 0.5294549 | R84: =J84/$B$19 -> 1.571143 | S84: =K84/$B$23 -> 0.53484835 | T84: =L84/$B$25 -> 1.1812505 | U84: =M84/$B$27 -> 0.54180623 | V84: =N84/$B$29 -> 1.172411 | W84: =COUNTIF('EPL DATA'!$F$763:$F$1142, $F84) -> 19 | X84: =COUNTIF('EPL DATA'!$G$763:$G$1142, $F84) -> 19
F85: Leicester City | G85: =SUMIF('EPL DATA'!$F$763:$F$1142,$F85,'EPL DATA'!$Q$763:$Q$1142)/$W85 -> 1.2631579 | H85: =SUMIF('EPL DATA'!$F$763:$F$1142,$F85,'EPL DATA'!$R$763:$R$1142)/$W85 -> 1.0526316 | I85: =SUMIF('EPL DATA'!$G$763:$G$1142,$F85,'EPL DATA'!$R$763:$R$1142)/$X85 -> 1.4210526 | J85: =SUMIF('EPL DATA'!$G$763:$G$1142,$F85,'EPL DATA'!$Q$763:$Q$1142)/$X85 -> 1.4736842 | K85: =SUMIF('EPL DATA'!$F$763:$F$1142,$F85,'EPL DATA'!$S$763:$S$1142)/$W85 -> 1.4657895 | L85: =SUMIF('EPL DATA'!$F$763:$F$1142,$F85,'EPL DATA'!$T$763:$T$1142)/$W85 -> 1.1184211 | M85: =SUMIF('EPL DATA'!$G$763:$G$1142,$F85,'EPL DATA'!$T$763:$T$1142)/$X85 -> 1.3963158 | N85: =SUMIF('EPL DATA'!$G$763:$G$1142,$F85,'EPL DATA'!$S$763:$S$1142)/$X85 -> 1.3526316 | O85: =G85/$B$13 -> 0.8373364 | P85: =H85/$B$15 -> 0.87998253 | Q85: =I85/$B$17 -> 1.1912735 | R85: =J85/$B$19 -> 0.97760009 | S85: =K85/$B$23 -> 0.91890972 | T85: =L85/$B$25 -> 0.81737456 | U85: =M85/$B$27 -> 1.0223413 | V85: =N85/$B$29 -> 0.84828158 | W85: =COUNTIF('EPL DATA'!$F$763:$F$1142, $F85) -> 19 | X85: =COUNTIF('EPL DATA'!$G$763:$G$1142, $F85) -> 19
B86: XHome Average goal scored | F86: Liverpool | G86: =SUMIF('EPL DATA'!$F$763:$F$1142,$F86,'EPL DATA'!$Q$763:$Q$1142)/$W86 -> 2.8947368 | H86: =SUMIF('EPL DATA'!$F$763:$F$1142,$F86,'EPL DATA'!$R$763:$R$1142)/$W86 -> 0.52631579 | I86: =SUMIF('EPL DATA'!$G$763:$G$1142,$F86,'EPL DATA'!$R$763:$R$1142)/$X86 -> 1.7894737 | J86: =SUMIF('EPL DATA'!$G$763:$G$1142,$F86,'EPL DATA'!$Q$763:$Q$1142)/$X86 -> 0.63157895 | K86: =SUMIF('EPL DATA'!$F$763:$F$1142,$F86,'EPL DATA'!$S$763:$S$1142)/$W86 -> 2.5110526 | L86: =SUMIF('EPL DATA'!$F$763:$F$1142,$F86,'EPL DATA'!$T$763:$T$1142)/$W86 -> 0.79 | M86: =SUMIF('EPL DATA'!$G$763:$G$1142,$F86,'EPL DATA'!$T$763:$T$1142)/$X86 -> 1.9357895 | N86: =SUMIF('EPL DATA'!$G$763:$G$1142,$F86,'EPL DATA'!$S$763:$S$1142)/$X86 -> 0.91947368 | O86: =G86/$B$13 -> 1.9188959 | P86: =H86/$B$15 -> 0.43999127 | Q86: =I86/$B$17 -> 1.5001222 | R86: =J86/$B$19 -> 0.41897147 | S86: =K86/$B$23 -> 1.5741897 | T86: =L86/$B$25 -> 0.57735492 | U86: =M86/$B$27 -> 1.4173281 | V86: =N86/$B$29 -> 0.57663343 | W86: =COUNTIF('EPL DATA'!$F$763:$F$1142, $F86) -> 19 | X86: =COUNTIF('EPL DATA'!$G$763:$G$1142, $F86) -> 19
B87: =SUM(K75:K94)/20 -> 1.6167368 | F87: Manchester City | G87: =SUMIF('EPL DATA'!$F$763:$F$1142,$F87,'EPL DATA'!$Q$763:$Q$1142)/$W87 -> 3 | H87: =SUMIF('EPL DATA'!$F$763:$F$1142,$F87,'EPL DATA'!$R$763:$R$1142)/$W87 -> 0.63157895 | I87: =SUMIF('EPL DATA'!$G$763:$G$1142,$F87,'EPL DATA'!$R$763:$R$1142)/$X87 -> 2 | J87: =SUMIF('EPL DATA'!$G$763:$G$1142,$F87,'EPL DATA'!$Q$763:$Q$1142)/$X87 -> 0.57894737 | K87: =SUMIF('EPL DATA'!$F$763:$F$1142,$F87,'EPL DATA'!$S$763:$S$1142)/$W87 -> 2.8789474 | L87: =SUMIF('EPL DATA'!$F$763:$F$1142,$F87,'EPL DATA'!$T$763:$T$1142)/$W87 -> 0.79842105 | M87: =SUMIF('EPL DATA'!$G$763:$G$1142,$F87,'EPL DATA'!$T$763:$T$1142)/$X87 -> 2.0773684 | N87: =SUMIF('EPL DATA'!$G$763:$G$1142,$F87,'EPL DATA'!$S$763:$S$1142)/$X87 -> 0.66263158 | O87: =G87/$B$13 -> 1.988674 | P87: =H87/$B$15 -> 0.52798952 | Q87: =I87/$B$17 -> 1.6766072 | R87: =J87/$B$19 -> 0.38405718 | S87: =K87/$B$23 -> 1.8048245 | T87: =L87/$B$25 -> 0.58350927 | U87: =M87/$B$27 -> 1.520988 | V87: =N87/$B$29 -> 0.41555895 | W87: =COUNTIF('EPL DATA'!$F$763:$F$1142, $F87) -> 19 | X87: =COUNTIF('EPL DATA'!$G$763:$G$1142, $F87) -> 19
B88: XHome average goal conceded | F88: Manchester United | G88: =SUMIF('EPL DATA'!$F$763:$F$1142,$F88,'EPL DATA'!$Q$763:$Q$1142)/$W88 -> 1.7368421 | H88: =SUMIF('EPL DATA'!$F$763:$F$1142,$F88,'EPL DATA'!$R$763:$R$1142)/$W88 -> 1.3157895 | I88: =SUMIF('EPL DATA'!$G$763:$G$1142,$F88,'EPL DATA'!$R$763:$R$1142)/$X88 -> 1.6842105 | J88: =SUMIF('EPL DATA'!$G$763:$G$1142,$F88,'EPL DATA'!$Q$763:$Q$1142)/$X88 -> 1.5263158 | K88: =SUMIF('EPL DATA'!$F$763:$F$1142,$F88,'EPL DATA'!$S$763:$S$1142)/$W88 -> 1.9463158 | L88: =SUMIF('EPL DATA'!$F$763:$F$1142,$F88,'EPL DATA'!$T$763:$T$1142)/$W88 -> 1.2715789 | M88: =SUMIF('EPL DATA'!$G$763:$G$1142,$F88,'EPL DATA'!$T$763:$T$1142)/$X88 -> 1.6405263 | N88: =SUMIF('EPL DATA'!$G$763:$G$1142,$F88,'EPL DATA'!$S$763:$S$1142)/$X88 -> 1.6263158 | O88: =G88/$B$13 -> 1.1513376 | P88: =H88/$B$15 -> 1.0999782 | Q88: =I88/$B$17 -> 1.4118797 | R88: =J88/$B$19 -> 1.0125144 | S88: =K88/$B$23 -> 1.2201537 | T88: =L88/$B$25 -> 0.92930679 | U88: =M88/$B$27 -> 1.2011451 | V88: =N88/$B$29 -> 1.0199183 | W88: =COUNTIF('EPL DATA'!$F$763:$F$1142, $F88) -> 19 | X88: =COUNTIF('EPL DATA'!$G$763:$G$1142, $F88) -> 19
B89: =SUM(L75:L94)/20 -> 1.3040263 | F89: Newcastle | G89: =SUMIF('EPL DATA'!$F$763:$F$1142,$F89,'EPL DATA'!$Q$763:$Q$1142)/$W89 -> 1.2631579 | H89: =SUMIF('EPL DATA'!$F$763:$F$1142,$F89,'EPL DATA'!$R$763:$R$1142)/$W89 -> 1.3157895 | I89: =SUMIF('EPL DATA'!$G$763:$G$1142,$F89,'EPL DATA'!$R$763:$R$1142)/$X89 -> 0.94736842 | J89: =SUMIF('EPL DATA'!$G$763:$G$1142,$F89,'EPL DATA'!$Q$763:$Q$1142)/$X89 -> 1.2105263 | K89: =SUMIF('EPL DATA'!$F$763:$F$1142,$F89,'EPL DATA'!$S$763:$S$1142)/$W89 -> 1.2636842 | L89: =SUMIF('EPL DATA'!$F$763:$F$1142,$F89,'EPL DATA'!$T$763:$T$1142)/$W89 -> 1.4121053 | M89: =SUMIF('EPL DATA'!$G$763:$G$1142,$F89,'EPL DATA'!$T$763:$T$1142)/$X89 -> 0.93789474 | N89: =SUMIF('EPL DATA'!$G$763:$G$1142,$F89,'EPL DATA'!$S$763:$S$1142)/$X89 -> 1.7231579 | O89: =G89/$B$13 -> 0.8373364 | P89: =H89/$B$15 -> 1.0999782 | Q89: =I89/$B$17 -> 0.79418235 | R89: =J89/$B$19 -> 0.80302865 | S89: =K89/$B$23 -> 0.79220906 | T89: =L89/$B$25 -> 1.0320075 | U89: =M89/$B$27 -> 0.68669893 | V89: =N89/$B$29 -> 1.0806513 | W89: =COUNTIF('EPL DATA'!$F$763:$F$1142, $F89) -> 19 | X89: =COUNTIF('EPL DATA'!$G$763:$G$1142, $F89) -> 19
B90: XAway Average goal scored | F90: Southampton | G90: =SUMIF('EPL DATA'!$F$763:$F$1142,$F90,'EPL DATA'!$Q$763:$Q$1142)/$W90 -> 1.4210526 | H90: =SUMIF('EPL DATA'!$F$763:$F$1142,$F90,'EPL DATA'!$R$763:$R$1142)/$W90 -> 1.5789474 | I90: =SUMIF('EPL DATA'!$G$763:$G$1142,$F90,'EPL DATA'!$R$763:$R$1142)/$X90 -> 0.94736842 | J90: =SUMIF('EPL DATA'!$G$763:$G$1142,$F90,'EPL DATA'!$Q$763:$Q$1142)/$X90 -> 1.8421053 | K90: =SUMIF('EPL DATA'!$F$763:$F$1142,$F90,'EPL DATA'!$S$763:$S$1142)/$W90 -> 1.4273684 | L90: =SUMIF('EPL DATA'!$F$763:$F$1142,$F90,'EPL DATA'!$T$763:$T$1142)/$W90 -> 1.4515789 | M90: =SUMIF('EPL DATA'!$G$763:$G$1142,$F90,'EPL DATA'!$T$763:$T$1142)/$X90 -> 1.2721053 | N90: =SUMIF('EPL DATA'!$G$763:$G$1142,$F90,'EPL DATA'!$S$763:$S$1142)/$X90 -> 1.6810526 | O90: =G90/$B$13 -> 0.94200345 | P90: =H90/$B$15 -> 1.3199738 | Q90: =I90/$B$17 -> 0.79418235 | R90: =J90/$B$19 -> 1.2220001 | S90: =K90/$B$23 -> 0.8948234 | T90: =L90/$B$25 -> 1.060856 | U90: =M90/$B$27 -> 0.93139804 | V90: =N90/$B$29 -> 1.0542457 | W90: =COUNTIF('EPL DATA'!$F$763:$F$1142, $F90) -> 19 | X90: =COUNTIF('EPL DATA'!$G$763:$G$1142, $F90) -> 19
B91: =SUM(M75:M94)/20 -> 1.3040263 | F91: Tottenham Hotspur | G91: =SUMIF('EPL DATA'!$F$763:$F$1142,$F91,'EPL DATA'!$Q$763:$Q$1142)/$W91 -> 1.7894737 | H91: =SUMIF('EPL DATA'!$F$763:$F$1142,$F91,'EPL DATA'!$R$763:$R$1142)/$W91 -> 0.84210526 | I91: =SUMIF('EPL DATA'!$G$763:$G$1142,$F91,'EPL DATA'!$R$763:$R$1142)/$X91 -> 1.7368421 | J91: =SUMIF('EPL DATA'!$G$763:$G$1142,$F91,'EPL DATA'!$Q$763:$Q$1142)/$X91 -> 1.2105263 | K91: =SUMIF('EPL DATA'!$F$763:$F$1142,$F91,'EPL DATA'!$S$763:$S$1142)/$W91 -> 1.8842105 | L91: =SUMIF('EPL DATA'!$F$763:$F$1142,$F91,'EPL DATA'!$T$763:$T$1142)/$W91 -> 1.4294737 | M91: =SUMIF('EPL DATA'!$G$763:$G$1142,$F91,'EPL DATA'!$T$763:$T$1142)/$X91 -> 1.5452632 | N91: =SUMIF('EPL DATA'!$G$763:$G$1142,$F91,'EPL DATA'!$S$763:$S$1142)/$X91 -> 1.2226316 | O91: =G91/$B$13 -> 1.1862266 | P91: =H91/$B$15 -> 0.70398602 | Q91: =I91/$B$17 -> 1.456001 | R91: =J91/$B$19 -> 0.80302865 | S91: =K91/$B$23 -> 1.1812197 | T91: =L91/$B$25 -> 1.0447008 | U91: =M91/$B$27 -> 1.1313962 | V91: =N91/$B$29 -> 0.76675413 | W91: =COUNTIF('EPL DATA'!$F$763:$F$1142, $F91) -> 19 | X91: =COUNTIF('EPL DATA'!$G$763:$G$1142, $F91) -> 19
B92: XAway average goal conceded | F92: Watford | G92: =SUMIF('EPL DATA'!$F$763:$F$1142,$F92,'EPL DATA'!$Q$763:$Q$1142)/$W92 -> 1.3684211 | H92: =SUMIF('EPL DATA'!$F$763:$F$1142,$F92,'EPL DATA'!$R$763:$R$1142)/$W92 -> 1.4736842 | I92: =SUMIF('EPL DATA'!$G$763:$G$1142,$F92,'EPL DATA'!$R$763:$R$1142)/$X92 -> 1.3684211 | J92: =SUMIF('EPL DATA'!$G$763:$G$1142,$F92,'EPL DATA'!$Q$763:$Q$1142)/$X92 -> 1.6315789 | K92: =SUMIF('EPL DATA'!$F$763:$F$1142,$F92,'EPL DATA'!$S$763:$S$1142)/$W92 -> 1.3284211 | L92: =SUMIF('EPL DATA'!$F$763:$F$1142,$F92,'EPL DATA'!$T$763:$T$1142)/$W92 -> 1.6315789 | M92: =SUMIF('EPL DATA'!$G$763:$G$1142,$F92,'EPL DATA'!$T$763:$T$1142)/$X92 -> 1.3689474 | N92: =SUMIF('EPL DATA'!$G$763:$G$1142,$F92,'EPL DATA'!$S$763:$S$1142)/$X92 -> 1.8221053 | O92: =G92/$B$13 -> 0.90711444 | P92: =H92/$B$15 -> 1.2319755 | Q92: =I92/$B$17 -> 1.1471523 | R92: =J92/$B$19 -> 1.082343 | S92: =K92/$B$23 -> 0.83279287 | T92: =L92/$B$25 -> 1.1924052 | U92: =M92/$B$27 -> 1.002303 | V92: =N92/$B$29 -> 1.1427046 | W92: =COUNTIF('EPL DATA'!$F$763:$F$1142, $F92) -> 19 | X92: =COUNTIF('EPL DATA'!$G$763:$G$1142, $F92) -> 19
B93: =SUM(N75:N94)/20 -> 1.6167368 | F93: West Ham United | G93: =SUMIF('EPL DATA'!$F$763:$F$1142,$F93,'EPL DATA'!$Q$763:$Q$1142)/$W93 -> 1.6842105 | H93: =SUMIF('EPL DATA'!$F$763:$F$1142,$F93,'EPL DATA'!$R$763:$R$1142)/$W93 -> 1.4210526 | I93: =SUMIF('EPL DATA'!$G$763:$G$1142,$F93,'EPL DATA'!$R$763:$R$1142)/$X93 -> 1.0526316 | J93: =SUMIF('EPL DATA'!$G$763:$G$1142,$F93,'EPL DATA'!$Q$763:$Q$1142)/$X93 -> 1.4736842 | K93: =SUMIF('EPL DATA'!$F$763:$F$1142,$F93,'EPL DATA'!$S$763:$S$1142)/$W93 -> 1.3815789 | L93: =SUMIF('EPL DATA'!$F$763:$F$1142,$F93,'EPL DATA'!$T$763:$T$1142)/$W93 -> 1.3626316 | M93: =SUMIF('EPL DATA'!$G$763:$G$1142,$F93,'EPL DATA'!$T$763:$T$1142)/$X93 -> 1.2194737 | N93: =SUMIF('EPL DATA'!$G$763:$G$1142,$F93,'EPL DATA'!$S$763:$S$1142)/$X93 -> 2.1489474 | O93: =G93/$B$13 -> 1.1164485 | P93: =H93/$B$15 -> 1.1879764 | Q93: =I93/$B$17 -> 0.88242484 | R93: =J93/$B$19 -> 0.97760009 | S93: =K93/$B$23 -> 0.86611778 | T93: =L93/$B$25 -> 0.9958507 | U93: =M93/$B$27 -> 0.89286275 | V93: =N93/$B$29 -> 1.3476785 | W93: =COUNTIF('EPL DATA'!$F$763:$F$1142, $F93) -> 19 | X93: =COUNTIF('EPL DATA'!$G$763:$G$1142, $F93) -> 19
F94: Wolverhampton | G94: =SUMIF('EPL DATA'!$F$763:$F$1142,$F94,'EPL DATA'!$Q$763:$Q$1142)/$W94 -> 1.4736842 | H94: =SUMIF('EPL DATA'!$F$763:$F$1142,$F94,'EPL DATA'!$R$763:$R$1142)/$W94 -> 1.1052632 | I94: =SUMIF('EPL DATA'!$G$763:$G$1142,$F94,'EPL DATA'!$R$763:$R$1142)/$X94 -> 1 | J94: =SUMIF('EPL DATA'!$G$763:$G$1142,$F94,'EPL DATA'!$Q$763:$Q$1142)/$X94 -> 1.3157895 | K94: =SUMIF('EPL DATA'!$F$763:$F$1142,$F94,'EPL DATA'!$S$763:$S$1142)/$W94 -> 1.7257895 | L94: =SUMIF('EPL DATA'!$F$763:$F$1142,$F94,'EPL DATA'!$T$763:$T$1142)/$W94 -> 1.1021053 | M94: =SUMIF('EPL DATA'!$G$763:$G$1142,$F94,'EPL DATA'!$T$763:$T$1142)/$X94 -> 1.1647368 | N94: =SUMIF('EPL DATA'!$G$763:$G$1142,$F94,'EPL DATA'!$S$763:$S$1142)/$X94 -> 1.28 | O94: =G94/$B$13 -> 0.97689247 | P94: =H94/$B$15 -> 0.92398166 | Q94: =I94/$B$17 -> 0.83830359 | R94: =J94/$B$19 -> 0.87285722 | S94: =K94/$B$23 -> 1.0819048 | T94: =L94/$B$25 -> 0.8054505 | U94: =M94/$B$27 -> 0.85278604 | V94: =N94/$B$29 -> 0.80273183 | W94: =COUNTIF('EPL DATA'!$F$763:$F$1142, $F94) -> 19 | X94: =COUNTIF('EPL DATA'!$G$763:$G$1142, $F94) -> 19 | Y94: =SUM(W75:X94) -> 760

Sheet BackTest
AJ1: Model Home | AK1: Model draw | AL1: Model away | AO1: Market Home | AP1: Market Draw | AQ1: Market Away | AS1: Home winning | AT1: Draw winning | AU1: Away winning
R2: 1 | S2: My Model | W2: Total correct | X2: =COUNTIF($W$22:$W$509, $R$2)/COUNT($W$22:$W$509) -> 0.53125 | Z2: Better than Odds | AA2: =COUNTIF($Z$22:$Z$509, $R$2)/COUNT($Z$22:$Z$509) -> 0.29411765 | AF2: Odds Total correct | AG2: =COUNTIF($AF$22:$AF$509, $R$2)/COUNT($AF$22:$AF$509) -> 0.540625 | AJ2: =COUNTIF($AB$22:$AB$509,$R$2)/COUNT($AB$22:$AB$509) -> 0.64383562 | AK2: =COUNTIF($AC$22:$AC$509,$R$2)/COUNT($AC$22:$AC$509) -> 0.26315789 | AL2: =COUNTIF($AD$22:$AD$509,$R$2)/COUNT($AD$22:$AD$509) -> 0.45806452 | AO2: =COUNTIF($AH$22:$AH$509,$R$2)/COUNT($AH$22:$AH$509) -> 0.55609756 | AP2: 0 | AQ2: =COUNTIF($AJ$22:$AJ$509,$R$2)/COUNT($AJ$22:$AJ$509) -> 0.51304348 | AS2: =SUM(AK22:AK509) -> 15.82 | AT2: =SUM(AL22:AL509) -> -0.66 | AU2: =SUM(AM22:AM509) -> 5
B3: Real Goals | C3: 0.3 | R3: 0 | S3: Market | W3: Total correct with fans | X3: =COUNTIF($W$22:$W$352, $R$2)/COUNT($W$22:$W$352) -> 0.51818182 | Z3: Better than Odds with fans | AA3: =COUNTIF($Z$22:$Z$352, $R$2)/COUNT($Z$22:$Z$352) -> 0.29824561 | AF3: Odds Total correct with fans | AG3: =COUNTIF($AF$22:$AF$352, $R$2)/COUNT($AF$22:$AF$352) -> 0.54090909 | AJ3: =COUNTIF($AB$22:$AB$352,$R$2)/COUNT($AB$22:$AB$352) -> 0.62 | AK3: =COUNTIF($AC$22:$AC$352,$R$2)/COUNT($AC$22:$AC$352) -> 0.33333333 | AL3: =COUNTIF($AD$22:$AD$352,$R$2)/COUNT($AD$22:$AD$352) -> 0.44444444 | AO3: =COUNTIF($AH$22:$AH$352,$R$2)/COUNT($AH$22:$AH$352) -> 0.53793103 | AP3: 0 | AQ3: =COUNTIF($AJ$22:$AJ$352,$R$2)/COUNT($AJ$22:$AJ$352) -> 0.54666667 | AS3: =SUM(AK22:AK352) -> 4.16 | AT3: =SUM(AL22:AL352) -> 2.86 | AU3: =SUM(AM22:AM352) -> 2.98
B4: XG | C4: 0.7 | H4: Model Implied Probability | K4: Market odds | N4: Market implied probability
G5: H | H5: D | I5: A | K5: H | L5: D | M5: A | N5: H | O5: D | P5: A | R5: Real Winner | S5: Score | V5: Model Winner | W5: Model Correct | X5: Percentage Correct | Z5: Model V Market | AA5: Percentage Better v Market | AB5: Model Home | AC5: Model Draw | AD5: Model Away | AE5: Odds Winner | AF5: Odds Correct | AG5: Percentage Correct | AH5: Odds Home | AI5: Odds Draw | AJ5: Odds Away | AK5: Home winnings | AL5: Draw winnings | AM5: Away winnings
C6: =D6&E6 -> Leicester CityManchester United | D6: =Games!D6 -> Leicester City | E6: =Games!E6 -> Manchester United | G6: =' Poisson 2018'!I7 -> 0.28141113 | H6: =' Poisson 2018'!J7 -> 0.32866552 | I6: =' Poisson 2018'!K7 -> 0.38992335 | K6: =VLOOKUP(BackTest!C6,'Bet365 Odds'!$D$8:$I$387,4,FALSE) -> 3.36 | L6: =VLOOKUP(BackTest!C6,'Bet365 Odds'!$D$8:$I$387,5,FALSE) -> 4.54 | M6: =VLOOKUP(BackTest!C6,'Bet365 Odds'!$D$8:$I$387,6,FALSE) -> 2.35 | N6: =1/K6 -> 0.29761905 | O6: =1/L6 -> 0.22026432 | P6: =1/M6 -> 0.42553191 | R6: =IF(T6>S6,$P$5,IF(T6=S6,$O$5,$N$5)) -> A | S6: =VLOOKUP(C6,'EPL DATA'!$A$1143:$X$1522,17,FALSE) -> 0 | T6: =VLOOKUP($C6,'EPL DATA'!$A$1143:$X$1522,18,FALSE) -> 2 | V6: =IF(MAX(G6:I6)=G6,$G$5,IF(MAX(G6:I6)=H6,$H$5,$I$5)) -> A | W6: =IF(V6=R6, $R$2,$R$3) -> 1 | X6: =COUNTIF(W6:W15, $R$2)/COUNT(W6:W15) -> 0.5 | Z6: =IF(W6=$R$2, IF(V6=$I$5,IF(P6>I6, $R$3, $R$2), IF(V6=$H$5, IF(O6>H6, $R$3, $R$2), IF(V6=$G$5, IF(N6>G6, $R$3, $R$2),""))), "") -> 0 | AA6: =COUNTIF(Z6:Z15, $R$2)/COUNT(Z6:Z15) -> 0 | AB6: =IF(V6=$G$5, IF(W6=$R$2, 1,0), "") | AC6: =IF(V6=$H$5, IF(W6=$R$2, 1,0), "") | AD6: =IF(V6=$I$5, IF(W6=$R$2, 1,0), "") -> 1 | AE6: =IF(MAX(N6:P6)=N6,$N$5,IF(MAX(N6:P6)=O6,$O$5,$P$5)) -> A | AF6: =IF(AE6=R6, $R$2,$R$3) -> 1 | AG6: =COUNTIF(AF6:AF15, $R$2)/COUNT(AF6:AF15) -> 0.6 | AH6: =IF(AE6=$G$5, IF(AF6=$R$2, 1,0), "") | AI6: =IF(AE6=$H$5, IF(AF6=$R$2, 1,0), "") | AJ6: =IF(AE6=$I$5, IF(AF6=$R$2, 1,0), "") -> 1 | AK6: =IF(AB6=1, K6-1, IF(AB6=0, -1,"")) | AL6: =IF(AC6=1, L6-1, IF(AC6=0, -1,"")) | AM6: =IF(AD6=1, M6-1, IF(AD6=0, -1,"")) -> 1.35
C7: =D7&E7 -> SouthamptonSheffield United | D7: =Games!D7 -> Southampton | E7: =Games!E7 -> Sheffield United | G7: =' Poisson 2018'!I40 -> 0.30255918 | H7: =' Poisson 2018'!J40 -> 0.34329592 | I7: =' Poisson 2018'!K40 -> 0.3541449 | K7: =VLOOKUP(BackTest!C7,'Bet365 Odds'!$D$8:$I$387,4,FALSE) -> 2.25 | L7: =VLOOKUP(BackTest!C7,'Bet365 Odds'!$D$8:$I$387,5,FALSE) -> 3.6 | M7: =VLOOKUP(BackTest!C7,'Bet365 Odds'!$D$8:$I$387,6,FALSE) -> 3.56 | N7: =1/K7 -> 0.44444444 | O7: =1/L7 -> 0.27777778 | P7: =1/M7 -> 0.28089888 | R7: =IF(T7>S7,$P$5,IF(T7=S7,$O$5,$N$5)) -> H | S7: =VLOOKUP(C7,'EPL DATA'!$A$1143:$X$1522,17,FALSE) -> 3 | T7: =VLOOKUP($C7,'EPL DATA'!$A$1143:$X$1522,18,FALSE) -> 1 | V7: =IF(MAX(G7:I7)=G7,$G$5,IF(MAX(G7:I7)=H7,$H$5,$I$5)) -> A | W7: =IF(V7=R7, $R$2,$R$3) -> 0 | Z7: =IF(W7=$R$2, IF(V7=$I$5,IF(P7>I7, $R$3, $R$2), IF(V7=$H$5, IF(O7>H7, $R$3, $R$2), IF(V7=$G$5, IF(N7>G7, $R$3, $R$2),""))), "") | AB7: =IF(V7=$G$5, IF(W7=$R$2, 1,0), "") | AC7: =IF(V7=$H$5, IF(W7=$R$2, 1,0), "") | AD7: =IF(V7=$I$5, IF(W7=$R$2, 1,0), "") -> 0 | AE7: =IF(MAX(N7:P7)=N7,$N$5,IF(MAX(N7:P7)=O7,$O$5,$P$5)) -> H | AF7: =IF(AE7=R7, $R$2,$R$3) -> 1 | AH7: =IF(AE7=$G$5, IF(AF7=$R$2, 1,0), "") -> 1 | AI7: =IF(AE7=$H$5, IF(AF7=$R$2, 1,0), "") | AJ7: =IF(AE7=$I$5, IF(AF7=$R$2, 1,0), "") | AK7: =IF(AB7=1, K7-1, IF(AB7=0, -1,"")) | AL7: =IF(AC7=1, L7-1, IF(AC7=0, -1,"")) | AM7: =IF(AD7=1, M7-1, IF(AD7=0, -1,"")) -> -1
C8: =D8&E8 -> BurnleyBrighton and Hove Albion | D8: =Games!D8 -> Burnley | E8: =Games!E8 -> Brighton and Hove Albion | G8: =' Poisson 2018'!I73 -> 0.37262373 | H8: =' Poisson 2018'!J73 -> 0.31707442 | I8: =' Poisson 2018'!K73 -> 0.31030185 | K8: =VLOOKUP(BackTest!C8,'Bet365 Odds'!$D$8:$I$387,4,FALSE) -> 2.38 | L8: =VLOOKUP(BackTest!C8,'Bet365 Odds'!$D$8:$I$387,5,FALSE) -> 3.65 | M8: =VLOOKUP(BackTest!C8,'Bet365 Odds'!$D$8:$I$387,6,FALSE) -> 3.26 | N8: =1/K8 -> 0.42016807 | O8: =1/L8 -> 0.2739726 | P8: =1/M8 -> 0.30674847 | R8: =IF(T8>S8,$P$5,IF(T8=S8,$O$5,$N$5)) -> A | S8: =VLOOKUP(C8,'EPL DATA'!$A$1143:$X$1522,17,FALSE) -> 1 | T8: =VLOOKUP($C8,'EPL DATA'!$A$1143:$X$1522,18,FALSE) -> 2 | V8: =IF(MAX(G8:I8)=G8,$G$5,IF(MAX(G8:I8)=H8,$H$5,$I$5)) -> H | W8: =IF(V8=R8, $R$2,$R$3) -> 0 | Z8: =IF(W8=$R$2, IF(V8=$I$5,IF(P8>I8, $R$3, $R$2), IF(V8=$H$5, IF(O8>H8, $R$3, $R$2), IF(V8=$G$5, IF(N8>G8, $R$3, $R$2),""))), "") | AB8: =IF(V8=$G$5, IF(W8=$R$2, 1,0), "") -> 0 | AC8: =IF(V8=$H$5, IF(W8=$R$2, 1,0), "") | AD8: =IF(V8=$I$5, IF(W8=$R$2, 1,0), "") | AE8: =IF(MAX(N8:P8)=N8,$N$5,IF(MAX(N8:P8)=O8,$O$5,$P$5)) -> H | AF8: =IF(AE8=R8, $R$2,$R$3) -> 0 | AH8: =IF(AE8=$G$5, IF(AF8=$R$2, 1,0), "") -> 0 | AI8: =IF(AE8=$H$5, IF(AF8=$R$2, 1,0), "") | AJ8: =IF(AE8=$I$5, IF(AF8=$R$2, 1,0), "") | AK8: =IF(AB8=1, K8-1, IF(AB8=0, -1,"")) -> -1 | AL8: =IF(AC8=1, L8-1, IF(AC8=0, -1,"")) | AM8: =IF(AD8=1, M8-1, IF(AD8=0, -1,""))
C9: =D9&E9 -> EvertonAFC Bournemouth | D9: =Games!D9 -> Everton | E9: =Games!E9 -> AFC Bournemouth | G9: =' Poisson 2018'!I106 -> 0.42122861 | H9: =' Poisson 2018'!J106 -> 0.33135171 | I9: =' Poisson 2018'!K106 -> 0.24741967 | K9: =VLOOKUP(BackTest!C9,'Bet365 Odds'!$D$8:$I$387,4,FALSE) -> 2.33 | L9: =VLOOKUP(BackTest!C9,'Bet365 Odds'!$D$8:$I$387,5,FALSE) -> 4.1 | M9: =VLOOKUP(BackTest!C9,'Bet365 Odds'!$D$8:$I$387,6,FALSE) -> 3.15 | N9: =1/K9 -> 0.42918455 | O9: =1/L9 -> 0.24390244 | P9: =1/M9 -> 0.31746032 | R9: =IF(T9>S9,$P$5,IF(T9=S9,$O$5,$N$5)) -> A | S9: =VLOOKUP(C9,'EPL DATA'!$A$1143:$X$1522,17,FALSE) -> 1 | T9: =VLOOKUP($C9,'EPL DATA'!$A$1143:$X$1522,18,FALSE) -> 3 | V9: =IF(MAX(G9:I9)=G9,$G$5,IF(MAX(G9:I9)=H9,$H$5,$I$5)) -> H | W9: =IF(V9=R9, $R$2,$R$3) -> 0 | Z9: =IF(W9=$R$2, IF(V9=$I$5,IF(P9>I9, $R$3, $R$2), IF(V9=$H$5, IF(O9>H9, $R$3, $R$2), IF(V9=$G$5, IF(N9>G9, $R$3, $R$2),""))), "") | AB9: =IF(V9=$G$5, IF(W9=$R$2, 1,0), "") -> 0 | AC9: =IF(V9=$H$5, IF(W9=$R$2, 1,0), "") | AD9: =IF(V9=$I$5, IF(W9=$R$2, 1,0), "") | AE9: =IF(MAX(N9:P9)=N9,$N$5,IF(MAX(N9:P9)=O9,$O$5,$P$5)) -> H | AF9: =IF(AE9=R9, $R$2,$R$3) -> 0 | AH9: =IF(AE9=$G$5, IF(AF9=$R$2, 1,0), "") -> 0 | AI9: =IF(AE9=$H$5, IF(AF9=$R$2, 1,0), "") | AJ9: =IF(AE9=$I$5, IF(AF9=$R$2, 1,0), "") | AK9: =IF(AB9=1, K9-1, IF(AB9=0, -1,"")) -> -1 | AL9: =IF(AC9=1, L9-1, IF(AC9=0, -1,"")) | AM9: =IF(AD9=1, M9-1, IF(AD9=0, -1,""))
C10: =D10&E10 -> ChelseaWolverhampton | D10: =Games!D10 -> Chelsea | E10: =Games!E10 -> Wolverhampton | G10: =' Poisson 2018'!I139 -> 0.41451691 | H10: =' Poisson 2018'!J139 -> 0.34225901 | I10: =' Poisson 2018'!K139 -> 0.24322408 | K10: =VLOOKUP(BackTest!C10,'Bet365 Odds'!$D$8:$I$387,4,FALSE) -> 1.9 | L10: =VLOOKUP(BackTest!C10,'Bet365 Odds'!$D$8:$I$387,5,FALSE) -> 3.92 | M10: =VLOOKUP(BackTest!C10,'Bet365 Odds'!$D$8:$I$387,6,FALSE) -> 4.55 | N10: =1/K10 -> 0.52631579 | O10: =1/L10 -> 0.25510204 | P10: =1/M10 -> 0.21978022 | R10: =IF(T10>S10,$P$5,IF(T10=S10,$O$5,$N$5)) -> H | S10: =VLOOKUP(C10,'EPL DATA'!$A$1143:$X$1522,17,FALSE) -> 2 | T10: =VLOOKUP($C10,'EPL DATA'!$A$1143:$X$1522,18,FALSE) -> 0 | V10: =IF(MAX(G10:I10)=G10,$G$5,IF(MAX(G10:I10)=H10,$H$5,$I$5)) -> H | W10: =IF(V10=R10, $R$2,$R$3) -> 1 | Z10: =IF(W10=$R$2, IF(V10=$I$5,IF(P10>I10, $R$3, $R$2), IF(V10=$H$5, IF(O10>H10, $R$3, $R$2), IF(V10=$G$5, IF(N10>G10, $R$3, $R$2),""))), "") -> 0 | AB10: =IF(V10=$G$5, IF(W10=$R$2, 1,0), "") -> 1 | AC10: =IF(V10=$H$5, IF(W10=$R$2, 1,0), "") | AD10: =IF(V10=$I$5, IF(W10=$R$2, 1,0), "") | AE10: =IF(MAX(N10:P10)=N10,$N$5,IF(MAX(N10:P10)=O10,$O$5,$P$5)) -> H | AF10: =IF(AE10=R10, $R$2,$R$3) -> 1 | AH10: =IF(AE10=$G$5, IF(AF10=$R$2, 1,0), "") -> 1 | AI10: =IF(AE10=$H$5, IF(AF10=$R$2, 1,0), "") | AJ10: =IF(AE10=$I$5, IF(AF10=$R$2, 1,0), "") | AK10: =IF(AB10=1, K10-1, IF(AB10=0, -1,"")) -> 0.9 | AL10: =IF(AC10=1, L10-1, IF(AC10=0, -1,"")) | AM10: =IF(AD10=1, M10-1, IF(AD10=0, -1,""))
C11: =D11&E11 -> ArsenalWatford | D11: =Games!D11 -> Arsenal | E11: =Games!E11 -> Watford | G11: =' Poisson 2018'!I172 -> 0.45404344 | H11: =' Poisson 2018'!J172 -> 0.31372302 | I11: =' Poisson 2018'!K172 -> 0.23223354 | K11: =VLOOKUP(BackTest!C11,'Bet365 Odds'!$D$8:$I$387,4,FALSE) -> 2.05 | L11: =VLOOKUP(BackTest!C11,'Bet365 Odds'!$D$8:$I$387,5,FALSE) -> 4.05 | M11: =VLOOKUP(BackTest!C11,'Bet365 Odds'!$D$8:$I$387,6,FALSE) -> 4 | N11: =1/K11 -> 0.48780488 | O11: =1/L11 -> 0.24691358 | P11: =1/M11 -> 0.25 | R11: =IF(T11>S11,$P$5,IF(T11=S11,$O$5,$N$5)) -> H | S11: =VLOOKUP(C11,'EPL DATA'!$A$1143:$X$1522,17,FALSE) -> 3 | T11: =VLOOKUP($C11,'EPL DATA'!$A$1143:$X$1522,18,FALSE) -> 2 | V11: =IF(MAX(G11:I11)=G11,$G$5,IF(MAX(G11:I11)=H11,$H$5,$I$5)) -> H | W11: =IF(V11=R11, $R$2,$R$3) -> 1 | Z11: =IF(W11=$R$2, IF(V11=$I$5,IF(P11>I11, $R$3, $R$2), IF(V11=$H$5, IF(O11>H11, $R$3, $R$2), IF(V11=$G$5, IF(N11>G11, $R$3, $R$2),""))), "") -> 0 | AB11: =IF(V11=$G$5, IF(W11=$R$2, 1,0), "") -> 1 | AC11: =IF(V11=$H$5, IF(W11=$R$2, 1,0), "") | AD11: =IF(V11=$I$5, IF(W11=$R$2, 1,0), "") | AE11: =IF(MAX(N11:P11)=N11,$N$5,IF(MAX(N11:P11)=O11,$O$5,$P$5)) -> H | AF11: =IF(AE11=R11, $R$2,$R$3) -> 1 | AH11: =IF(AE11=$G$5, IF(AF11=$R$2, 1,0), "") -> 1 | AI11: =IF(AE11=$H$5, IF(AF11=$R$2, 1,0), "") | AJ11: =IF(AE11=$I$5, IF(AF11=$R$2, 1,0), "") | AK11: =IF(AB11=1, K11-1, IF(AB11=0, -1,"")) -> 1.05 | AL11: =IF(AC11=1, L11-1, IF(AC11=0, -1,"")) | AM11: =IF(AD11=1, M11-1, IF(AD11=0, -1,""))
C12: =D12&E12 -> West Ham UnitedAston Villa | D12: =Games!D12 -> West Ham United | E12: =Games!E12 -> Aston Villa | G12: =' Poisson 2018'!I205 -> 0.39791095 | H12: =' Poisson 2018'!J205 -> 0.27824206 | I12: =' Poisson 2018'!K205 -> 0.323847 | K12: =VLOOKUP(BackTest!C12,'Bet365 Odds'!$D$8:$I$387,4,FALSE) -> 3.2 | L12: =VLOOKUP(BackTest!C12,'Bet365 Odds'!$D$8:$I$387,5,FALSE) -> 3.82 | M12: =VLOOKUP(BackTest!C12,'Bet365 Odds'!$D$8:$I$387,6,FALSE) -> 2.36 | N12: =1/K12 -> 0.3125 | O12: =1/L12 -> 0.2617801 | P12: =1/M12 -> 0.42372881 | R12: =IF(T12>S12,$P$5,IF(T12=S12,$O$5,$N$5)) -> D | S12: =VLOOKUP(C12,'EPL DATA'!$A$1143:$X$1522,17,FALSE) -> 1 | T12: =VLOOKUP($C12,'EPL DATA'!$A$1143:$X$1522,18,FALSE) -> 1 | V12: =IF(MAX(G12:I12)=G12,$G$5,IF(MAX(G12:I12)=H12,$H$5,$I$5)) -> H | W12: =IF(V12=R12, $R$2,$R$3) -> 0 | Z12: =IF(W12=$R$2, IF(V12=$I$5,IF(P12>I12, $R$3, $R$2), IF(V12=$H$5, IF(O12>H12, $R$3, $R$2), IF(V12=$G$5, IF(N12>G12, $R$3, $R$2),""))), "") | AB12: =IF(V12=$G$5, IF(W12=$R$2, 1,0), "") -> 0 | AC12: =IF(V12=$H$5, IF(W12=$R$2, 1,0), "") | AD12: =IF(V12=$I$5, IF(W12=$R$2, 1,0), "") | AE12: =IF(MAX(N12:P12)=N12,$N$5,IF(MAX(N12:P12)=O12,$O$5,$P$5)) -> A | AF12: =IF(AE12=R12, $R$2,$R$3) -> 0 | AH12: =IF(AE12=$G$5, IF(AF12=$R$2, 1,0), "") | AI12: =IF(AE12=$H$5, IF(AF12=$R$2, 1,0), "") | AJ12: =IF(AE12=$I$5, IF(AF12=$R$2, 1,0), "") -> 0 | AK12: =IF(AB12=1, K12-1, IF(AB12=0, -1,"")) -> -1 | AL12: =IF(AC12=1, L12-1, IF(AC12=0, -1,"")) | AM12: =IF(AD12=1, M12-1, IF(AD12=0, -1,""))
C13: =D13&E13 -> NewcastleLiverpool | D13: =Games!D13 -> Newcastle | E13: =Games!E13 -> Liverpool | G13: =' Poisson 2018'!I238 -> 0.10831937 | H13: =' Poisson 2018'!J238 -> 0.2355535 | I13: =' Poisson 2018'!K238 -> 0.65612713 | K13: =VLOOKUP(BackTest!C13,'Bet365 Odds'!$D$8:$I$387,4,FALSE) -> 8.2 | L13: =VLOOKUP(BackTest!C13,'Bet365 Odds'!$D$8:$I$387,5,FALSE) -> 5.4 | M13: =VLOOKUP(BackTest!C13,'Bet365 Odds'!$D$8:$I$387,6,FALSE) -> 1.45 | N13: =1/K13 -> 0.12195122 | O13: =1/L13 -> 0.18518519 | P13: =1/M13 -> 0.68965517 | R13: =IF(T13>S13,$P$5,IF(T13=S13,$O$5,$N$5)) -> A | S13: =VLOOKUP(C13,'EPL DATA'!$A$1143:$X$1522,17,FALSE) -> 1 | T13: =VLOOKUP($C13,'EPL DATA'!$A$1143:$X$1522,18,FALSE) -> 3 | V13: =IF(MAX(G13:I13)=G13,$G$5,IF(MAX(G13:I13)=H13,$H$5,$I$5)) -> A | W13: =IF(V13=R13, $R$2,$R$3) -> 1 | Z13: =IF(W13=$R$2, IF(V13=$I$5,IF(P13>I13, $R$3, $R$2), IF(V13=$H$5, IF(O13>H13, $R$3, $R$2), IF(V13=$G$5, IF(N13>G13, $R$3, $R$2),""))), "") -> 0 | AB13: =IF(V13=$G$5, IF(W13=$R$2, 1,0), "") | AC13: =IF(V13=$H$5, IF(W13=$R$2, 1,0), "") | AD13: =IF(V13=$I$5, IF(W13=$R$2, 1,0), "") -> 1 | AE13: =IF(MAX(N13:P13)=N13,$N$5,IF(MAX(N13:P13)=O13,$O$5,$P$5)) -> A | AF13: =IF(AE13=R13, $R$2,$R$3) -> 1 | AH13: =IF(AE13=$G$5, IF(AF13=$R$2, 1,0), "") | AI13: =IF(AE13=$H$5, IF(AF13=$R$2, 1,0), "") | AJ13: =IF(AE13=$I$5, IF(AF13=$R$2, 1,0), "") -> 1 | AK13: =IF(AB13=1, K13-1, IF(AB13=0, -1,"")) | AL13: =IF(AC13=1, L13-1, IF(AC13=0, -1,"")) | AM13: =IF(AD13=1, M13-1, IF(AD13=0, -1,"")) -> 0.45
C14: =D14&E14 -> Crystal PalaceTottenham Hotspur | D14: =Games!D14 -> Crystal Palace | E14: =Games!E14 -> Tottenham Hotspur | G14: =' Poisson 2018'!I271 -> 0.24500075 | H14: =' Poisson 2018'!J271 -> 0.34452976 | I14: =' Poisson 2018'!K271 -> 0.41046949 | K14: =VLOOKUP(BackTest!C14,'Bet365 Odds'!$D$8:$I$387,4,FALSE) -> 6.75 | L14: =VLOOKUP(BackTest!C14,'Bet365 Odds'!$D$8:$I$387,5,FALSE) -> 4.45 | M14: =VLOOKUP(BackTest!C14,'Bet365 Odds'!$D$8:$I$387,6,FALSE) -> 1.6 | N14: =1/K14 -> 0.14814815 | O14: =1/L14 -> 0.2247191 | P14: =1/M14 -> 0.625 | R14: =IF(T14>S14,$P$5,IF(T14=S14,$O$5,$N$5)) -> D | S14: =VLOOKUP(C14,'EPL DATA'!$A$1143:$X$1522,17,FALSE) -> 1 | T14: =VLOOKUP($C14,'EPL DATA'!$A$1143:$X$1522,18,FALSE) -> 1 | V14: =IF(MAX(G14:I14)=G14,$G$5,IF(MAX(G14:I14)=H14,$H$5,$I$5)) -> A | W14: =IF(V14=R14, $R$2,$R$3) -> 0 | Z14: =IF(W14=$R$2, IF(V14=$I$5,IF(P14>I14, $R$3, $R$2), IF(V14=$H$5, IF(O14>H14, $R$3, $R$2), IF(V14=$G$5, IF(N14>G14, $R$3, $R$2),""))), "") | AB14: =IF(V14=$G$5, IF(W14=$R$2, 1,0), "") | AC14: =IF(V14=$H$5, IF(W14=$R$2, 1,0), "") | AD14: =IF(V14=$I$5, IF(W14=$R$2, 1,0), "") -> 0 | AE14: =IF(MAX(N14:P14)=N14,$N$5,IF(MAX(N14:P14)=O14,$O$5,$P$5)) -> A | AF14: =IF(AE14=R14, $R$2,$R$3) -> 0 | AH14: =IF(AE14=$G$5, IF(AF14=$R$2, 1,0), "") | AI14: =IF(AE14=$H$5, IF(AF14=$R$2, 1,0), "") | AJ14: =IF(AE14=$I$5, IF(AF14=$R$2, 1,0), "") -> 0 | AK14: =IF(AB14=1, K14-1, IF(AB14=0, -1,"")) | AL14: =IF(AC14=1, L14-1, IF(AC14=0, -1,"")) | AM14: =IF(AD14=1, M14-1, IF(AD14=0, -1,"")) -> -1
C15: =D15&E15 -> Manchester CityNorwich City | D15: =Games!D15 -> Manchester City | E15: =Games!E15 -> Norwich City | G15: =' Poisson 2018'!I304 -> 0.77930486 | H15: =' Poisson 2018'!J304 -> 0.1672275 | I15: =' Poisson 2018'!K304 -> 0.053467639 | K15: =VLOOKUP(BackTest!C15,'Bet365 Odds'!$D$8:$I$387,4,FALSE) -> 1.1 | L15: =VLOOKUP(BackTest!C15,'Bet365 Odds'!$D$8:$I$387,5,FALSE) -> 15.25 | M15: =VLOOKUP(BackTest!C15,'Bet365 Odds'!$D$8:$I$387,6,FALSE) -> 41 | N15: =1/K15 -> 0.90909091 | O15: =1/L15 -> 0.06557377 | P15: =1/M15 -> 0.024390244 | R15: =IF(T15>S15,$P$5,IF(T15=S15,$O$5,$N$5)) -> H | S15: =VLOOKUP(C15,'EPL DATA'!$A$1143:$X$1522,17,FALSE) -> 5 | T15: =VLOOKUP($C15,'EPL DATA'!$A$1143:$X$1522,18,FALSE) -> 0 | V15: =IF(MAX(G15:I15)=G15,$G$5,IF(MAX(G15:I15)=H15,$H$5,$I$5)) -> H | W15: =IF(V15=R15, $R$2,$R$3) -> 1 | Z15: =IF(W15=$R$2, IF(V15=$I$5,IF(P15>I15, $R$3, $R$2), IF(V15=$H$5, IF(O15>H15, $R$3, $R$2), IF(V15=$G$5, IF(N15>G15, $R$3, $R$2),""))), "") -> 0 | AB15: =IF(V15=$G$5, IF(W15=$R$2, 1,0), "") -> 1 | AC15: =IF(V15=$H$5, IF(W15=$R$2, 1,0), "") | AD15: =IF(V15=$I$5, IF(W15=$R$2, 1,0), "") | AE15: =IF(MAX(N15:P15)=N15,$N$5,IF(MAX(N15:P15)=O15,$O$5,$P$5)) -> H | AF15: =IF(AE15=R15, $R$2,$R$3) -> 1 | AH15: =IF(AE15=$G$5, IF(AF15=$R$2, 1,0), "") -> 1 | AI15: =IF(AE15=$H$5, IF(AF15=$R$2, 1,0), "") | AJ15: =IF(AE15=$I$5, IF(AF15=$R$2, 1,0), "") | AK15: =IF(AB15=1, K15-1, IF(AB15=0, -1,"")) -> 0.1 | AL15: =IF(AC15=1, L15-1, IF(AC15=0, -1,"")) | AM15: =IF(AD15=1, M15-1, IF(AD15=0, -1,""))
H20: Model Implied Probability | K20: Betfair odds | N20: Betfair implied probability
C21: Week 7 | G21: H | H21: D | I21: A | K21: H | L21: D | M21: A | N21: H | O21: D | P21: A | R21: Real Winner | V21: Model Winner | W21: Model Correct | X21: Percentage Correct | Z21: Model V Betfair | AA21: Percentage Better v Betfair | AB21: Model Home | AC21: Model Draw | AD21: Model Away | AK21: =IF(AB21=1, K21, IF(AB21=0, -1,"")) | AL21: =IF(AC21=1, L21, IF(AC21=0, -1,"")) | AM21: =IF(AD21=1, M21, IF(AD21=0, -1,""))
D22: Sheffield United | E22: Liverpool | G22: 0.16258826 | H22: 0.33283584 | I22: 0.5045759 | K22: 10 | L22: 5.4 | M22: 1.39 | N22: 0.1 | O22: 0.18518519 | P22: 0.71942446 | R22: A | S22: 0 | T22: 1 | V22: A | W22: 1 | X22: 0.8 | Z22: 0 | AA22: 0.125 | AB22: =IF(V22=$G$5, IF(W22=$R$2, 1,0), "") | AC22: =IF(V22=$H$5, IF(W22=$R$2, 1,0), "") | AD22: =IF(V22=$I$5, IF(W22=$R$2, 1,0), "") -> 1 | AE22: =IF(MAX(N22:P22)=N22,$N$5,IF(MAX(N22:P22)=O22,$O$5,$P$5)) -> A | AF22: =IF(AE22=R22, $R$2,$R$3) -> 1 | AG22: =COUNTIF(AF22:AF31, $R$2)/COUNT(AF22:AF31) -> 0.7 | AH22: =IF(AE22=$G$5, IF(AF22=$R$2, 1,0), "") | AI22: =IF(AE22=$H$5, IF(AF22=$R$2, 1,0), "") | AJ22: =IF(AE22=$I$5, IF(AF22=$R$2, 1,0), "") -> 1 | AK22: =IF(AB22=1, K22-1, IF(AB22=0, -1,"")) | AL22: =IF(AC22=1, L22-1, IF(AC22=0, -1,"")) | AM22: =IF(AD22=1, M22-1, IF(AD22=0, -1,"")) -> 0.39
D23: Chelsea | E23: Brighton and Hove Albion | G23: 0.52423817 | H23: 0.31077921 | I23: 0.16498262 | K23: 1.47 | L23: 4.8 | M23: 8.5 | N23: 0.68027211 | O23: 0.20833333 | P23: 0.11764706 | R23: H | S23: 2 | T23: 0 | V23: H | W23: 1 | Z23: 0 | AB23: =IF(V23=$G$5, IF(W23=$R$2, 1,0), "") -> 1 | AC23: =IF(V23=$H$5, IF(W23=$R$2, 1,0), "") | AD23: =IF(V23=$I$5, IF(W23=$R$2, 1,0), "") | AE23: =IF(MAX(N23:P23)=N23,$N$5,IF(MAX(N23:P23)=O23,$O$5,$P$5)) -> H | AF23: =IF(AE23=R23, $R$2,$R$3) -> 1 | AH23: =IF(AE23=$G$5, IF(AF23=$R$2, 1,0), "") -> 1 | AI23: =IF(AE23=$H$5, IF(AF23=$R$2, 1,0), "") | AJ23: =IF(AE23=$I$5, IF(AF23=$R$2, 1,0), "") | AK23: =IF(AB23=1, K23-1, IF(AB23=0, -1,"")) -> 0.47 | AL23: =IF(AC23=1, L23-1, IF(AC23=0, -1,"")) | AM23: =IF(AD23=1, M23-1, IF(AD23=0, -1,""))
D24: Tottenham Hotspur | E24: Southampton | G24: 0.42668505 | H24: 0.30413355 | I24: 0.2691814 | K24: 1.49 | L24: 4.8 | M24: 8.18 | N24: 0.67114094 | O24: 0.20833333 | P24: 0.12224939 | R24: H | S24: 2 | T24: 1 | V24: H | W24: 1 | Z24: 0 | AB24: =IF(V24=$G$5, IF(W24=$R$2, 1,0), "") -> 1 | AC24: =IF(V24=$H$5, IF(W24=$R$2, 1,0), "") | AD24: =IF(V24=$I$5, IF(W24=$R$2, 1,0), "") | AE24: =IF(MAX(N24:P24)=N24,$N$5,IF(MAX(N24:P24)=O24,$O$5,$P$5)) -> H | AF24: =IF(AE24=R24, $R$2,$R$3) -> 1 | AH24: =IF(AE24=$G$5, IF(AF24=$R$2, 1,0), "") -> 1 | AI24: =IF(AE24=$H$5, IF(AF24=$R$2, 1,0), "") | AJ24: =IF(AE24=$I$5, IF(AF24=$R$2, 1,0), "") | AK24: =IF(AB24=1, K24-1, IF(AB24=0, -1,"")) -> 0.49 | AL24: =IF(AC24=1, L24-1, IF(AC24=0, -1,"")) | AM24: =IF(AD24=1, M24-1, IF(AD24=0, -1,""))
D25: AFC Bournemouth | E25: West Ham United | G25: 0.34664491 | H25: 0.28365771 | I25: 0.36969738 | K25: 2.58 | L25: 3.65 | M25: 2.9 | N25: 0.3875969 | O25: 0.2739726 | P25: 0.34482759 | R25: D | S25: 2 | T25: 2 | V25: A | W25: 0 | AB25: =IF(V25=$G$5, IF(W25=$R$2, 1,0), "") | AC25: =IF(V25=$H$5, IF(W25=$R$2, 1,0), "") | AD25: =IF(V25=$I$5, IF(W25=$R$2, 1,0), "") -> 0 | AE25: =IF(MAX(N25:P25)=N25,$N$5,IF(MAX(N25:P25)=O25,$O$5,$P$5)) -> H | AF25: =IF(AE25=R25, $R$2,$R$3) -> 0 | AH25: =IF(AE25=$G$5, IF(AF25=$R$2, 1,0), "") -> 0 | AI25: =IF(AE25=$H$5, IF(AF25=$R$2, 1,0), "") | AJ25: =IF(AE25=$I$5, IF(AF25=$R$2, 1,0), "") | AK25: =IF(AB25=1, K25-1, IF(AB25=0, -1,"")) | AL25: =IF(AC25=1, L25-1, IF(AC25=0, -1,"")) | AM25: =IF(AD25=1, M25-1, IF(AD25=0, -1,"")) -> -1
D26: Crystal Palace | E26: Norwich City | G26: 0.43768863 | H26: 0.34539576 | I26: 0.21691561 | K26: 2 | L26: 3.85 | M26: 4 | N26: 0.5 | O26: 0.25974026 | P26: 0.25 | R26: H | S26: 2 | T26: 0 | V26: H | W26: 1 | Z26: 0 | AB26: =IF(V26=$G$5, IF(W26=$R$2, 1,0), "") -> 1 | AC26: =IF(V26=$H$5, IF(W26=$R$2, 1,0), "") | AD26: =IF(V26=$I$5, IF(W26=$R$2, 1,0), "") | AE26: =IF(MAX(N26:P26)=N26,$N$5,IF(MAX(N26:P26)=O26,$O$5,$P$5)) -> H | AF26: =IF(AE26=R26, $R$2,$R$3) -> 1 | AH26: =IF(AE26=$G$5, IF(AF26=$R$2, 1,0), "") -> 1 | AI26: =IF(AE26=$H$5, IF(AF26=$R$2, 1,0), "") | AJ26: =IF(AE26=$I$5, IF(AF26=$R$2, 1,0), "") | AK26: =IF(AB26=1, K26-1, IF(AB26=0, -1,"")) -> 1 | AL26: =IF(AC26=1, L26-1, IF(AC26=0, -1,"")) | AM26: =IF(AD26=1, M26-1, IF(AD26=0, -1,""))
D27: Aston Villa | E27: Burnley | G27: 0.35670207 | H27: 0.35994293 | I27: 0.283355 | K27: 2.45 | L27: 3.47 | M27: 3.18 | N27: 0.40816327 | O27: 0.28818444 | P27: 0.31446541 | R27: D | S27: 2 | T27: 2 | V27: D | W27: 1 | Z27: 1 | AB27: =IF(V27=$G$5, IF(W27=$R$2, 1,0), "") | AC27: =IF(V27=$H$5, IF(W27=$R$2, 1,0), "") -> 1 | AD27: =IF(V27=$I$5, IF(W27=$R$2, 1,0), "") | AE27: =IF(MAX(N27:P27)=N27,$N$5,IF(MAX(N27:P27)=O27,$O$5,$P$5)) -> H | AF27: =IF(AE27=R27, $R$2,$R$3) -> 0 | AH27: =IF(AE27=$G$5, IF(AF27=$R$2, 1,0), "") -> 0 | AI27: =IF(AE27=$H$5, IF(AF27=$R$2, 1,0), "") | AJ27: =IF(AE27=$I$5, IF(AF27=$R$2, 1,0), "") | AK27: =IF(AB27=1, K27-1, IF(AB27=0, -1,"")) | AL27: =IF(AC27=1, L27-1, IF(AC27=0, -1,"")) -> 2.47 | AM27: =IF(AD27=1, M27-1, IF(AD27=0, -1,""))
D28: Wolverhampton | E28: Watford | G28: 0.41631074 | H28: 0.28973317 | I28: 0.29395609 | K28: 1.95 | L28: 3.6 | M28: 4.7 | N28: 0.51282051 | O28: 0.27777778 | P28: 0.21276596 | R28: H | S28: 2 | T28: 0 | V28: H | W28: 1 | Z28: 0 | AB28: =IF(V28=$G$5, IF(W28=$R$2, 1,0), "") -> 1 | AC28: =IF(V28=$H$5, IF(W28=$R$2, 1,0), "") | AD28: =IF(V28=$I$5, IF(W28=$R$2, 1,0), "") | AE28: =IF(MAX(N28:P28)=N28,$N$5,IF(MAX(N28:P28)=O28,$O$5,$P$5)) -> H | AF28: =IF(AE28=R28, $R$2,$R$3) -> 1 | AH28: =IF(AE28=$G$5, IF(AF28=$R$2, 1,0), "") -> 1 | AI28: =IF(AE28=$H$5, IF(AF28=$R$2, 1,0), "") | AJ28: =IF(AE28=$I$5, IF(AF28=$R$2, 1,0), "") | AK28: =IF(AB28=1, K28-1, IF(AB28=0, -1,"")) -> 0.95 | AL28: =IF(AC28=1, L28-1, IF(AC28=0, -1,"")) | AM28: =IF(AD28=1, M28-1, IF(AD28=0, -1,""))
D29: Everton | E29: Manchester City | G29: 0.097617411 | H29: 0.21724217 | I29: 0.68514042 | K29: 11 | L29: 6.35 | M29: 1.33 | N29: 0.090909091 | O29: 0.15748031 | P29: 0.7518797 | R29: A | S29: 1 | T29: 3 | V29: A | W29: 1 | Z29: 0 | AB29: =IF(V29=$G$5, IF(W29=$R$2, 1,0), "") | AC29: =IF(V29=$H$5, IF(W29=$R$2, 1,0), "") | AD29: =IF(V29=$I$5, IF(W29=$R$2, 1,0), "") -> 1 | AE29: =IF(MAX(N29:P29)=N29,$N$5,IF(MAX(N29:P29)=O29,$O$5,$P$5)) -> A | AF29: =IF(AE29=R29, $R$2,$R$3) -> 1 | AH29: =IF(AE29=$G$5, IF(AF29=$R$2, 1,0), "") | AI29: =IF(AE29=$H$5, IF(AF29=$R$2, 1,0), "") | AJ29: =IF(AE29=$I$5, IF(AF29=$R$2, 1,0), "") -> 1 | AK29: =IF(AB29=1, K29-1, IF(AB29=0, -1,"")) | AL29: =IF(AC29=1, L29-1, IF(AC29=0, -1,"")) | AM29: =IF(AD29=1, M29-1, IF(AD29=0, -1,"")) -> 0.33
D30: Leicester City | E30: Newcastle | G30: 0.41712059 | H30: 0.37037194 | I30: 0.21250747 | K30: 1.56 | L30: 4.21 | M30: 7.6 | N30: 0.64102564 | O30: 0.23752969 | P30: 0.13157895 | R30: H | S30: 5 | T30: 0 | V30: H | W30: 1 | Z30: 0 | AB30: =IF(V30=$G$5, IF(W30=$R$2, 1,0), "") -> 1 | AC30: =IF(V30=$H$5, IF(W30=$R$2, 1,0), "") | AD30: =IF(V30=$I$5, IF(W30=$R$2, 1,0), "") | AE30: =IF(MAX(N30:P30)=N30,$N$5,IF(MAX(N30:P30)=O30,$O$5,$P$5)) -> H | AF30: =IF(AE30=R30, $R$2,$R$3) -> 1 | AH30: =IF(AE30=$G$5, IF(AF30=$R$2, 1,0), "") -> 1 | AI30: =IF(AE30=$H$5, IF(AF30=$R$2, 1,0), "") | AJ30: =IF(AE30=$I$5, IF(AF30=$R$2, 1,0), "") | AK30: =IF(AB30=1, K30-1, IF(AB30=0, -1,"")) -> 0.56 | AL30: =IF(AC30=1, L30-1, IF(AC30=0, -1,"")) | AM30: =IF(AD30=1, M30-1, IF(AD30=0, -1,""))
D31: Manchester United | E31: Arsenal | G31: 0.43861645 | H31: 0.28255763 | I31: 0.27882592 | K31: 2.43 | L31: 3.65 | M31: 3.15 | N31: 0.41152263 | O31: 0.2739726 | P31: 0.31746032 | R31: D | S31: 1 | T31: 1 | V31: H | W31: 0 | AB31: =IF(V31=$G$5, IF(W31=$R$2, 1,0), "") -> 0 | AC31: =IF(V31=$H$5, IF(W31=$R$2, 1,0), "") | AD31: =IF(V31=$I$5, IF(W31=$R$2, 1,0), "") | AE31: =IF(MAX(N31:P31)=N31,$N$5,IF(MAX(N31:P31)=O31,$O$5,$P$5)) -> H | AF31: =IF(AE31=R31, $R$2,$R$3) -> 0 | AH31: =IF(AE31=$G$5, IF(AF31=$R$2, 1,0), "") -> 0 | AI31: =IF(AE31=$H$5, IF(AF31=$R$2, 1,0), "") | AJ31: =IF(AE31=$I$5, IF(AF31=$R$2, 1,0), "") | AK31: =IF(AB31=1, K31-1, IF(AB31=0, -1,"")) -> -1 | AL31: =IF(AC31=1, L31-1, IF(AC31=0, -1,"")) | AM31: =IF(AD31=1, M31-1, IF(AD31=0, -1,""))
C35: Week 8 | H35: Model Implied Probability | K35: Betfair odds | N35: Betfair implied probability
G36: H | H36: D | I36: A | K36: H | L36: D | M36: A | N36: H | O36: D | P36: A | R36: Real Winner | V36: Model Winner | W36: Model Correct | X36: Percentage Correct | Z36: Model V Betfair | AA36: Percentage Better v Betfair | AB36: Model Home | AC36: Model Draw | AD36: Model Away | AK36: =IF(AB36=1, K36, IF(AB36=0, -1,"")) | AL36: =IF(AC36=1, L36, IF(AC36=0, -1,"")) | AM36: =IF(AD36=1, M36, IF(AD36=0, -1,""))
D37: Brighton and Hove Albion | E37: Tottenham Hotspur | G37: 0.20626771 | H37: 0.30122809 | I37: 0.4925042 | K37: 4.1 | L37: 3.75 | M37: 2.02 | N37: 0.24390244 | O37: 0.26666667 | P37: 0.4950495 | R37: H | S37: 3 | T37: 0 | V37: A | W37: 0 | X37: 0.4 | AA37: 0.5 | AB37: =IF(V37=$G$5, IF(W37=$R$2, 1,0), "") | AC37: =IF(V37=$H$5, IF(W37=$R$2, 1,0), "") | AD37: =IF(V37=$I$5, IF(W37=$R$2, 1,0), "") -> 0 | AE37: =IF(MAX(N37:P37)=N37,$N$5,IF(MAX(N37:P37)=O37,$O$5,$P$5)) -> A | AF37: =IF(AE37=R37, $R$2,$R$3) -> 0 | AG37: =COUNTIF(AF37:AF46, $R$2)/COUNT(AF37:AF46) -> 0.3 | AH37: =IF(AE37=$G$5, IF(AF37=$R$2, 1,0), "") | AI37: =IF(AE37=$H$5, IF(AF37=$R$2, 1,0), "") | AJ37: =IF(AE37=$I$5, IF(AF37=$R$2, 1,0), "") -> 0 | AK37: =IF(AB37=1, K37-1, IF(AB37=0, -1,"")) | AL37: =IF(AC37=1, L37-1, IF(AC37=0, -1,"")) | AM37: =IF(AD37=1, M37-1, IF(AD37=0, -1,"")) -> -1
D38: Liverpool | E38: Leicester City | G38: 0.53618476 | H38: 0.29893811 | I38: 0.16487713 | K38: 1.5 | L38: 4.85 | M38: 7.7 | N38: 0.66666667 | O38: 0.20618557 | P38: 0.12987013 | R38: H | S38: 2 | T38: 1 | V38: H | W38: 1 | Z38: 0 | AB38: =IF(V38=$G$5, IF(W38=$R$2, 1,0), "") -> 1 | AC38: =IF(V38=$H$5, IF(W38=$R$2, 1,0), "") | AD38: =IF(V38=$I$5, IF(W38=$R$2, 1,0), "") | AE38: =IF(MAX(N38:P38)=N38,$N$5,IF(MAX(N38:P38)=O38,$O$5,$P$5)) -> H | AF38: =IF(AE38=R38, $R$2,$R$3) -> 1 | AH38: =IF(AE38=$G$5, IF(AF38=$R$2, 1,0), "") -> 1 | AI38: =IF(AE38=$H$5, IF(AF38=$R$2, 1,0), "") | AJ38: =IF(AE38=$I$5, IF(AF38=$R$2, 1,0), "") | AK38: =IF(AB38=1, K38-1, IF(AB38=0, -1,"")) -> 0.5 | AL38: =IF(AC38=1, L38-1, IF(AC38=0, -1,"")) | AM38: =IF(AD38=1, M38-1, IF(AD38=0, -1,""))
D39: Norwich City | E39: Aston Villa | G39: 0.46050009 | H39: 0.26163981 | I39: 0.2778601 | K39: 2.5 | L39: 3.75 | M39: 2.95 | N39: 0.4 | O39: 0.26666667 | P39: 0.33898305 | R39: A | S39: 1 | T39: 5 | V39: H | W39: 0 | AB39: =IF(V39=$G$5, IF(W39=$R$2, 1,0), "") -> 0 | AC39: =IF(V39=$H$5, IF(W39=$R$2, 1,0), "") | AD39: =IF(V39=$I$5, IF(W39=$R$2, 1,0), "") | AE39: =IF(MAX(N39:P39)=N39,$N$5,IF(MAX(N39:P39)=O39,$O$5,$P$5)) -> H | AF39: =IF(AE39=R39, $R$2,$R$3) -> 0 | AH39: =IF(AE39=$G$5, IF(AF39=$R$2, 1,0), "") -> 0 | AI39: =IF(AE39=$H$5, IF(AF39=$R$2, 1,0), "") | AJ39: =IF(AE39=$I$5, IF(AF39=$R$2, 1,0), "") | AK39: =IF(AB39=1, K39-1, IF(AB39=0, -1,"")) -> -1 | AL39: =IF(AC39=1, L39-1, IF(AC39=0, -1,"")) | AM39: =IF(AD39=1, M39-1, IF(AD39=0, -1,""))
D40: Burnley | E40: Everton | G40: 0.22202552 | H40: 0.3294117 | I40: 0.44856278 | K40: 3.05 | L40: 3.37 | M40: 2.65 | N40: 0.32786885 | O40: 0.29673591 | P40: 0.37735849 | R40: H | S40: 1 | T40: 0 | V40: A | W40: 0 | AB40: =IF(V40=$G$5, IF(W40=$R$2, 1,0), "") | AC40: =IF(V40=$H$5, IF(W40=$R$2, 1,0), "") | AD40: =IF(V40=$I$5, IF(W40=$R$2, 1,0), "") -> 0 | AE40: =IF(MAX(N40:P40)=N40,$N$5,IF(MAX(N40:P40)=O40,$O$5,$P$5)) -> A | AF40: =IF(AE40=R40, $R$2,$R$3) -> 0 | AH40: =IF(AE40=$G$5, IF(AF40=$R$2, 1,0), "") | AI40: =IF(AE40=$H$5, IF(AF40=$R$2, 1,0), "") | AJ40: =IF(AE40=$I$5, IF(AF40=$R$2, 1,0), "") -> 0 | AK40: =IF(AB40=1, K40-1, IF(AB40=0, -1,"")) | AL40: =IF(AC40=1, L40-1, IF(AC40=0, -1,"")) | AM40: =IF(AD40=1, M40-1, IF(AD40=0, -1,"")) -> -1
D41: Watford | E41: Sheffield United | G41: 0.23707769 | H41: 0.29786986 | I41: 0.46505245 | K41: 2.25 | L41: 3.5 | M41: 3.75 | N41: 0.44444444 | O41: 0.28571429 | P41: 0.26666667 | R41: D | S41: 0 | T41: 0 | V41: A | W41: 0 | AB41: =IF(V41=$G$5, IF(W41=$R$2, 1,0), "") | AC41: =IF(V41=$H$5, IF(W41=$R$2, 1,0), "") | AD41: =IF(V41=$I$5, IF(W41=$R$2, 1,0), "") -> 0 | AE41: =IF(MAX(N41:P41)=N41,$N$5,IF(MAX(N41:P41)=O41,$O$5,$P$5)) -> H | AF41: =IF(AE41=R41, $R$2,$R$3) -> 0 | AH41: =IF(AE41=$G$5, IF(AF41=$R$2, 1,0), "") -> 0 | AI41: =IF(AE41=$H$5, IF(AF41=$R$2, 1,0), "") | AJ41: =IF(AE41=$I$5, IF(AF41=$R$2, 1,0), "") | AK41: =IF(AB41=1, K41-1, IF(AB41=0, -1,"")) | AL41: =IF(AC41=1, L41-1, IF(AC41=0, -1,"")) | AM41: =IF(AD41=1, M41-1, IF(AD41=0, -1,"")) -> -1
D42: West Ham United | E42: Crystal Palace | G42: 0.30593836 | H42: 0.31900525 | I42: 0.37505639 | K42: 2.05 | L42: 3.7 | M42: 4 | N42: 0.48780488 | O42: 0.27027027 | P42: 0.25 | R42: A | S42: 1 | T42: 2 | V42: A | W42: 1 | Z42: 1 | AB42: =IF(V42=$G$5, IF(W42=$R$2, 1,0), "") | AC42: =IF(V42=$H$5, IF(W42=$R$2, 1,0), "") | AD42: =IF(V42=$I$5, IF(W42=$R$2, 1,0), "") -> 1 | AE42: =IF(MAX(N42:P42)=N42,$N$5,IF(MAX(N42:P42)=O42,$O$5,$P$5)) -> H | AF42: =IF(AE42=R42, $R$2,$R$3) -> 0 | AH42: =IF(AE42=$G$5, IF(AF42=$R$2, 1,0), "") -> 0 | AI42: =IF(AE42=$H$5, IF(AF42=$R$2, 1,0), "") | AJ42: =IF(AE42=$I$5, IF(AF42=$R$2, 1,0), "") | AK42: =IF(AB42=1, K42-1, IF(AB42=0, -1,"")) | AL42: =IF(AC42=1, L42-1, IF(AC42=0, -1,"")) | AM42: =IF(AD42=1, M42-1, IF(AD42=0, -1,"")) -> 3
D43: Manchester City | E43: Wolverhampton | G43: 0.63542101 | H43: 0.24865782 | I43: 0.11592117 | K43: 1.14 | L43: 10.5 | M43: 28 | N43: 0.87719298 | O43: 0.095238095 | P43: 0.035714286 | R43: A | S43: 0 | T43: 2 | V43: H | W43: 0 | AB43: =IF(V43=$G$5, IF(W43=$R$2, 1,0), "") -> 0 | AC43: =IF(V43=$H$5, IF(W43=$R$2, 1,0), "") | AD43: =IF(V43=$I$5, IF(W43=$R$2, 1,0), "") | AE43: =IF(MAX(N43:P43)=N43,$N$5,IF(MAX(N43:P43)=O43,$O$5,$P$5)) -> H | AF43: =IF(AE43=R43, $R$2,$R$3) -> 0 | AH43: =IF(AE43=$G$5, IF(AF43=$R$2, 1,0), "") -> 0 | AI43: =IF(AE43=$H$5, IF(AF43=$R$2, 1,0), "") | AJ43: =IF(AE43=$I$5, IF(AF43=$R$2, 1,0), "") | AK43: =IF(AB43=1, K43-1, IF(AB43=0, -1,"")) -> -1 | AL43: =IF(AC43=1, L43-1, IF(AC43=0, -1,"")) | AM43: =IF(AD43=1, M43-1, IF(AD43=0, -1,""))
D44: Southampton | E44: Chelsea | G44: 0.1822496 | H44: 0.23889304 | I44: 0.57885735 | K44: 4.3 | L44: 4 | M44: 1.93 | N44: 0.23255814 | O44: 0.25 | P44: 0.51813472 | R44: A | S44: 1 | T44: 4 | V44: A | W44: 1 | Z44: 1 | AB44: =IF(V44=$G$5, IF(W44=$R$2, 1,0), "") | AC44: =IF(V44=$H$5, IF(W44=$R$2, 1,0), "") | AD44: =IF(V44=$I$5, IF(W44=$R$2, 1,0), "") -> 1 | AE44: =IF(MAX(N44:P44)=N44,$N$5,IF(MAX(N44:P44)=O44,$O$5,$P$5)) -> A | AF44: =IF(AE44=R44, $R$2,$R$3) -> 1 | AH44: =IF(AE44=$G$5, IF(AF44=$R$2, 1,0), "") | AI44: =IF(AE44=$H$5, IF(AF44=$R$2, 1,0), "") | AJ44: =IF(AE44=$I$5, IF(AF44=$R$2, 1,0), "") -> 1 | AK44: =IF(AB44=1, K44-1, IF(AB44=0, -1,"")) | AL44: =IF(AC44=1, L44-1, IF(AC44=0, -1,"")) | AM44: =IF(AD44=1, M44-1, IF(AD44=0, -1,"")) -> 0.93
D45: Arsenal | E45: AFC Bournemouth | G45: 0.43996592 | H45: 0.25496537 | I45: 0.30506871 | K45: 1.5 | L45: 5.2 | M45: 7.2 | N45: 0.66666667 | O45: 0.19230769 | P45: 0.13888889 | R45: H | S45: 1 | T45: 0 | V45: H | W45: 1 | Z45: 0 | AB45: =IF(V45=$G$5, IF(W45=$R$2, 1,0), "") -> 1 | AC45: =IF(V45=$H$5, IF(W45=$R$2, 1,0), "") | AD45: =IF(V45=$I$5, IF(W45=$R$2, 1,0), "") | AE45: =IF(MAX(N45:P45)=N45,$N$5,IF(MAX(N45:P45)=O45,$O$5,$P$5)) -> H | AF45: =IF(AE45=R45, $R$2,$R$3) -> 1 | AH45: =IF(AE45=$G$5, IF(AF45=$R$2, 1,0), "") -> 1 | AI45: =IF(AE45=$H$5, IF(AF45=$R$2, 1,0), "") | AJ45: =IF(AE45=$I$5, IF(AF45=$R$2, 1,0), "") | AK45: =IF(AB45=1, K45-1, IF(AB45=0, -1,"")) -> 0.5 | AL45: =IF(AC45=1, L45-1, IF(AC45=0, -1,"")) | AM45: =IF(AD45=1, M45-1, IF(AD45=0, -1,""))
D46: Newcastle | E46: Manchester United | G46: 0.16427972 | H46: 0.31712442 | I46: 0.51859587 | K46: 4.6 | L46: 3.55 | M46: 1.95 | N46: 0.2173913 | O46: 0.28169014 | P46: 0.51282051 | R46: H | S46: 1 | T46: 0 | V46: A | W46: 0 | AB46: =IF(V46=$G$5, IF(W46=$R$2, 1,0), "") | AC46: =IF(V46=$H$5, IF(W46=$R$2, 1,0), "") | AD46: =IF(V46=$I$5, IF(W46=$R$2, 1,0), "") -> 0 | AE46: =IF(MAX(N46:P46)=N46,$N$5,IF(MAX(N46:P46)=O46,$O$5,$P$5)) -> A | AF46: =IF(AE46=R46, $R$2,$R$3) -> 0 | AH46: =IF(AE46=$G$5, IF(AF46=$R$2, 1,0), "") | AI46: =IF(AE46=$H$5, IF(AF46=$R$2, 1,0), "") | AJ46: =IF(AE46=$I$5, IF(AF46=$R$2, 1,0), "") -> 0 | AK46: =IF(AB46=1, K46-1, IF(AB46=0, -1,"")) | AL46: =IF(AC46=1, L46-1, IF(AC46=0, -1,"")) | AM46: =IF(AD46=1, M46-1, IF(AD46=0, -1,"")) -> -1
C50: Week 9 | H50: Model Implied Probability | K50: Betfair odds | N50: Betfair implied probability
G51: H | H51: D | I51: A | K51: H | L51: D | M51: A | N51: H | O51: D | P51: A | R51: Real Winner | V51: Model Winner | W51: Model Correct | X51: Percentage Correct | Z51: Model V Betfair | AA51: Percentage Better v Betfair | AB51: Model Home | AC51: Model Draw | AD51: Model Away | AK51: =IF(AB51=1, K51, IF(AB51=0, -1,"")) | AL51: =IF(AC51=1, L51, IF(AC51=0, -1,"")) | AM51: =IF(AD51=1, M51, IF(AD51=0, -1,""))
D52: Everton | E52: West Ham United | G52: 0.35214842 | H52: 0.29841565 | I52: 0.34943593 | K52: 2.02 | L52: 3.9 | M52: 4 | N52: 0.4950495 | O52: 0.25641026 | P52: 0.25 | R52: H | S52: 2 | T52: 0 | V52: H | W52: 1 | X52: 0.5 | Z52: 0 | AA52: 0 | AB52: =IF(V52=$G$5, IF(W52=$R$2, 1,0), "") -> 1 | AC52: =IF(V52=$H$5, IF(W52=$R$2, 1,0), "") | AD52: =IF(V52=$I$5, IF(W52=$R$2, 1,0), "") | AE52: =IF(MAX(N52:P52)=N52,$N$5,IF(MAX(N52:P52)=O52,$O$5,$P$5)) -> H | AF52: =IF(AE52=R52, $R$2,$R$3) -> 1 | AG52: =COUNTIF(AF52:AF61, $R$2)/COUNT(AF52:AF61) -> 0.5 | AH52: =IF(AE52=$G$5, IF(AF52=$R$2, 1,0), "") -> 1 | AI52: =IF(AE52=$H$5, IF(AF52=$R$2, 1,0), "") | AJ52: =IF(AE52=$I$5, IF(AF52=$R$2, 1,0), "") | AK52: =IF(AB52=1, K52-1, IF(AB52=0, -1,"")) -> 1.02 | AL52: =IF(AC52=1, L52-1, IF(AC52=0, -1,"")) | AM52: =IF(AD52=1, M52-1, IF(AD52=0, -1,""))
D53: AFC Bournemouth | E53: Norwich City | G53: 0.5315141 | H53: 0.28385637 | I53: 0.18462953 | K53: 1.78 | L53: 4.6 | M53: 4.5 | N53: 0.56179775 | O53: 0.2173913 | P53: 0.22222222 | R53: D | S53: 0 | T53: 0 | V53: H | W53: 0 | AB53: =IF(V53=$G$5, IF(W53=$R$2, 1,0), "") -> 0 | AC53: =IF(V53=$H$5, IF(W53=$R$2, 1,0), "") | AD53: =IF(V53=$I$5, IF(W53=$R$2, 1,0), "") | AE53: =IF(MAX(N53:P53)=N53,$N$5,IF(MAX(N53:P53)=O53,$O$5,$P$5)) -> H | AF53: =IF(AE53=R53, $R$2,$R$3) -> 0 | AH53: =IF(AE53=$G$5, IF(AF53=$R$2, 1,0), "") -> 0 | AI53: =IF(AE53=$H$5, IF(AF53=$R$2, 1,0), "") | AJ53: =IF(AE53=$I$5, IF(AF53=$R$2, 1,0), "") | AK53: =IF(AB53=1, K53-1, IF(AB53=0, -1,"")) -> -1 | AL53: =IF(AC53=1, L53-1, IF(AC53=0, -1,"")) | AM53: =IF(AD53=1, M53-1, IF(AD53=0, -1,""))
D54: Aston Villa | E54: Brighton and Hove Albion | G54: 0.39418119 | H54: 0.35150429 | I54: 0.25431452 | K54: 2.45 | L54: 3.55 | M54: 3.15 | N54: 0.40816327 | O54: 0.28169014 | P54: 0.31746032 | R54: H | S54: 2 | T54: 1 | V54: H | W54: 1 | Z54: 0 | AB54: =IF(V54=$G$5, IF(W54=$R$2, 1,0), "") -> 1 | AC54: =IF(V54=$H$5, IF(W54=$R$2, 1,0), "") | AD54: =IF(V54=$I$5, IF(W54=$R$2, 1,0), "") | AE54: =IF(MAX(N54:P54)=N54,$N$5,IF(MAX(N54:P54)=O54,$O$5,$P$5)) -> H | AF54: =IF(AE54=R54, $R$2,$R$3) -> 1 | AH54: =IF(AE54=$G$5, IF(AF54=$R$2, 1,0), "") -> 1 | AI54: =IF(AE54=$H$5, IF(AF54=$R$2, 1,0), "") | AJ54: =IF(AE54=$I$5, IF(AF54=$R$2, 1,0), "") | AK54: =IF(AB54=1, K54-1, IF(AB54=0, -1,"")) -> 1.45 | AL54: =IF(AC54=1, L54-1, IF(AC54=0, -1,"")) | AM54: =IF(AD54=1, M54-1, IF(AD54=0, -1,""))
D55: Tottenham Hotspur | E55: Watford | G55: 0.55685709 | H55: 0.26256822 | I55: 0.18057469 | K55: 1.45 | L55: 5.1 | M55: 8 | N55: 0.68965517 | O55: 0.19607843 | P55: 0.125 | R55: D | S55: 1 | T55: 1 | V55: H | W55: 0 | AB55: =IF(V55=$G$5, IF(W55=$R$2, 1,0), "") -> 0 | AC55: =IF(V55=$H$5, IF(W55=$R$2, 1,0), "") | AD55: =IF(V55=$I$5, IF(W55=$R$2, 1,0), "") | AE55: =IF(MAX(N55:P55)=N55,$N$5,IF(MAX(N55:P55)=O55,$O$5,$P$5)) -> H | AF55: =IF(AE55=R55, $R$2,$R$3) -> 0 | AH55: =IF(AE55=$G$5, IF(AF55=$R$2, 1,0), "") -> 0 | AI55: =IF(AE55=$H$5, IF(AF55=$R$2, 1,0), "") | AJ55: =IF(AE55=$I$5, IF(AF55=$R$2, 1,0), "") | AK55: =IF(AB55=1, K55-1, IF(AB55=0, -1,"")) -> -1 | AL55: =IF(AC55=1, L55-1, IF(AC55=0, -1,"")) | AM55: =IF(AD55=1, M55-1, IF(AD55=0, -1,""))
D56: Chelsea | E56: Newcastle | G56: 0.61115912 | H56: 0.27867488 | I56: 0.110166 | K56: 1.34 | L56: 5.9 | M56: 12 | N56: 0.74626866 | O56: 0.16949153 | P56: 0.083333333 | R56: H | S56: 1 | T56: 0 | V56: H | W56: 1 | Z56: 0 | AB56: =IF(V56=$G$5, IF(W56=$R$2, 1,0), "") -> 1 | AC56: =IF(V56=$H$5, IF(W56=$R$2, 1,0), "") | AD56: =IF(V56=$I$5, IF(W56=$R$2, 1,0), "") | AE56: =IF(MAX(N56:P56)=N56,$N$5,IF(MAX(N56:P56)=O56,$O$5,$P$5)) -> H | AF56: =IF(AE56=R56, $R$2,$R$3) -> 1 | AH56: =IF(AE56=$G$5, IF(AF56=$R$2, 1,0), "") -> 1 | AI56: =IF(AE56=$H$5, IF(AF56=$R$2, 1,0), "") | AJ56: =IF(AE56=$I$5, IF(AF56=$R$2, 1,0), "") | AK56: =IF(AB56=1, K56-1, IF(AB56=0, -1,"")) -> 0.34 | AL56: =IF(AC56=1, L56-1, IF(AC56=0, -1,"")) | AM56: =IF(AD56=1, M56-1, IF(AD56=0, -1,""))
D57: Leicester City | E57: Burnley | G57: 0.42829702 | H57: 0.34381657 | I57: 0.22788642 | K57: 1.62 | L57: 4.3 | M57: 6.8 | N57: 0.61728395 | O57: 0.23255814 | P57: 0.14705882 | R57: H | S57: 2 | T57: 1 | V57: H | W57: 1 | Z57: 0 | AB57: =IF(V57=$G$5, IF(W57=$R$2, 1,0), "") -> 1 | AC57: =IF(V57=$H$5, IF(W57=$R$2, 1,0), "") | AD57: =IF(V57=$I$5, IF(W57=$R$2, 1,0), "") | AE57: =IF(MAX(N57:P57)=N57,$N$5,IF(MAX(N57:P57)=O57,$O$5,$P$5)) -> H | AF57: =IF(AE57=R57, $R$2,$R$3) -> 1 | AH57: =IF(AE57=$G$5, IF(AF57=$R$2, 1,0), "") -> 1 | AI57: =IF(AE57=$H$5, IF(AF57=$R$2, 1,0), "") | AJ57: =IF(AE57=$I$5, IF(AF57=$R$2, 1,0), "") | AK57: =IF(AB57=1, K57-1, IF(AB57=0, -1,"")) -> 0.62 | AL57: =IF(AC57=1, L57-1, IF(AC57=0, -1,"")) | AM57: =IF(AD57=1, M57-1, IF(AD57=0, -1,""))
D58: Wolverhampton | E58: Southampton | G58: 0.31606945 | H58: 0.32587417 | I58: 0.35805638 | K58: 1.9 | L58: 3.75 | M58: 4.75 | N58: 0.52631579 | O58: 0.26666667 | P58: 0.21052632 | R58: D | S58: 1 | T58: 1 | V58: A | W58: 0 | AB58: =IF(V58=$G$5, IF(W58=$R$2, 1,0), "") | AC58: =IF(V58=$H$5, IF(W58=$R$2, 1,0), "") | AD58: =IF(V58=$I$5, IF(W58=$R$2, 1,0), "") -> 0 | AE58: =IF(MAX(N58:P58)=N58,$N$5,IF(MAX(N58:P58)=O58,$O$5,$P$5)) -> H | AF58: =IF(AE58=R58, $R$2,$R$3) -> 0 | AH58: =IF(AE58=$G$5, IF(AF58=$R$2, 1,0), "") -> 0 | AI58: =IF(AE58=$H$5, IF(AF58=$R$2, 1,0), "") | AJ58: =IF(AE58=$I$5, IF(AF58=$R$2, 1,0), "") | AK58: =IF(AB58=1, K58-1, IF(AB58=0, -1,"")) | AL58: =IF(AC58=1, L58-1, IF(AC58=0, -1,"")) | AM58: =IF(AD58=1, M58-1, IF(AD58=0, -1,"")) -> -1
D59: Crystal Palace | E59: Manchester City | G59: 0.10521451 | H59: 0.24117487 | I59: 0.65361062 | K59: 13 | L59: 7.2 | M59: 1.26 | N59: 0.076923077 | O59: 0.13888889 | P59: 0.79365079 | R59: A | S59: 0 | T59: 2 | V59: A | W59: 1 | Z59: 0 | AB59: =IF(V59=$G$5, IF(W59=$R$2, 1,0), "") | AC59: =IF(V59=$H$5, IF(W59=$R$2, 1,0), "") | AD59: =IF(V59=$I$5, IF(W59=$R$2, 1,0), "") -> 1 | AE59: =IF(MAX(N59:P59)=N59,$N$5,IF(MAX(N59:P59)=O59,$O$5,$P$5)) -> A | AF59: =IF(AE59=R59, $R$2,$R$3) -> 1 | AH59: =IF(AE59=$G$5, IF(AF59=$R$2, 1,0), "") | AI59: =IF(AE59=$H$5, IF(AF59=$R$2, 1,0), "") | AJ59: =IF(AE59=$I$5, IF(AF59=$R$2, 1,0), "") -> 1 | AK59: =IF(AB59=1, K59-1, IF(AB59=0, -1,"")) | AL59: =IF(AC59=1, L59-1, IF(AC59=0, -1,"")) | AM59: =IF(AD59=1, M59-1, IF(AD59=0, -1,"")) -> 0.26
D60: Manchester United | E60: Liverpool | G60: 0.1806548 | H60: 0.29098909 | I60: 0.52835612 | K60: 5.5 | L60: 4.1 | M60: 1.74 | N60: 0.18181818 | O60: 0.24390244 | P60: 0.57471264 | R60: D | S60: 1 | T60: 1 | V60: A | W60: 0 | AB60: =IF(V60=$G$5, IF(W60=$R$2, 1,0), "") | AC60: =IF(V60=$H$5, IF(W60=$R$2, 1,0), "") | AD60: =IF(V60=$I$5, IF(W60=$R$2, 1,0), "") -> 0 | AE60: =IF(MAX(N60:P60)=N60,$N$5,IF(MAX(N60:P60)=O60,$O$5,$P$5)) -> A | AF60: =IF(AE60=R60, $R$2,$R$3) -> 0 | AH60: =IF(AE60=$G$5, IF(AF60=$R$2, 1,0), "") | AI60: =IF(AE60=$H$5, IF(AF60=$R$2, 1,0), "") | AJ60: =IF(AE60=$I$5, IF(AF60=$R$2, 1,0), "") -> 0 | AK60: =IF(AB60=1, K60-1, IF(AB60=0, -1,"")) | AL60: =IF(AC60=1, L60-1, IF(AC60=0, -1,"")) | AM60: =IF(AD60=1, M60-1, IF(AD60=0, -1,"")) -> -1
D61: Sheffield United | E61: Arsenal | G61: 0.28330771 | H61: 0.33720682 | I61: 0.37948547 | K61: 4 | L61: 3.94 | M61: 1.98 | N61: 0.25 | O61: 0.25380711 | P61: 0.50505051 | R61: H | S61: 1 | T61: 0 | V61: A | W61: 0 | AB61: =IF(V61=$G$5, IF(W61=$R$2, 1,0), "") | AC61: =IF(V61=$H$5, IF(W61=$R$2, 1,0), "") | AD61: =IF(V61=$I$5, IF(W61=$R$2, 1,0), "") -> 0 | AE61: =IF(MAX(N61:P61)=N61,$N$5,IF(MAX(N61:P61)=O61,$O$5,$P$5)) -> A | AF61: =IF(AE61=R61, $R$2,$R$3) -> 0 | AH61: =IF(AE61=$G$5, IF(AF61=$R$2, 1,0), "") | AI61: =IF(AE61=$H$5, IF(AF61=$R$2, 1,0), "") | AJ61: =IF(AE61=$I$5, IF(AF61=$R$2, 1,0), "") -> 0 | AK61: =IF(AB61=1, K61-1, IF(AB61=0, -1,"")) | AL61: =IF(AC61=1, L61-1, IF(AC61=0, -1,"")) | AM61: =IF(AD61=1, M61-1, IF(AD61=0, -1,"")) -> -1
C65: Week 10 | H65: Model Implied Probability | K65: Betfair odds | N65: Betfair implied probability
G66: H | H66: D | I66: A | K66: H | L66: D | M66: A | N66: H | O66: D | P66: A | R66: Real Winner | V66: Model Winner | W66: Model Correct | X66: Percentage Correct | Z66: Model V Betfair | AA66: Percentage Better v Betfair | AB66: Model Home | AC66: Model Draw | AD66: Model Away | AK66: =IF(AB66=1, K66, IF(AB66=0, -1,"")) | AL66: =IF(AC66=1, L66, IF(AC66=0, -1,"")) | AM66: =IF(AD66=1, M66, IF(AD66=0, -1,""))
D67: Southampton | E67: Leicester City | G67: 0.25664946 | H67: 0.30343814 | I67: 0.43991239 | K67: 3.3 | L67: 3.5 | M67: 2.45 | N67: 0.3030303 | O67: 0.28571429 | P67: 0.40816327 | R67: A | S67: 0 | T67: 9 | V67: A | W67: 1 | X67: 0.5 | Z67: 1 | AA67: 0.6 | AB67: =IF(V67=$G$5, IF(W67=$R$2, 1,0), "") | AC67: =IF(V67=$H$5, IF(W67=$R$2, 1,0), "") | AD67: =IF(V67=$I$5, IF(W67=$R$2, 1,0), "") -> 1 | AE67: =IF(MAX(N67:P67)=N67,$N$5,IF(MAX(N67:P67)=O67,$O$5,$P$5)) -> A | AF67: =IF(AE67=R67, $R$2,$R$3) -> 1 | AG67: =COUNTIF(AF67:AF76, $R$2)/COUNT(AF67:AF76) -> 0.5 | AH67: =IF(AE67=$G$5, IF(AF67=$R$2, 1,0), "") | AI67: =IF(AE67=$H$5, IF(AF67=$R$2, 1,0), "") | AJ67: =IF(AE67=$I$5, IF(AF67=$R$2, 1,0), "") -> 1 | AK67: =IF(AB67=1, K67-1, IF(AB67=0, -1,"")) | AL67: =IF(AC67=1, L67-1, IF(AC67=0, -1,"")) | AM67: =IF(AD67=1, M67-1, IF(AD67=0, -1,"")) -> 1.45
D68: Manchester City | E68: Aston Villa | G68: 0.7644133 | H68: 0.14439954 | I68: 0.091187156 | K68: 1.11 | L68: 13.25 | M68: 35 | N68: 0.9009009 | O68: 0.075471698 | P68: 0.028571429 | R68: H | S68: 3 | T68: 0 | V68: H | W68: 1 | Z68: 0 | AB68: =IF(V68=$G$5, IF(W68=$R$2, 1,0), "") -> 1 | AC68: =IF(V68=$H$5, IF(W68=$R$2, 1,0), "") | AD68: =IF(V68=$I$5, IF(W68=$R$2, 1,0), "") | AE68: =IF(MAX(N68:P68)=N68,$N$5,IF(MAX(N68:P68)=O68,$O$5,$P$5)) -> H | AF68: =IF(AE68=R68, $R$2,$R$3) -> 1 | AH68: =IF(AE68=$G$5, IF(AF68=$R$2, 1,0), "") -> 1 | AI68: =IF(AE68=$H$5, IF(AF68=$R$2, 1,0), "") | AJ68: =IF(AE68=$I$5, IF(AF68=$R$2, 1,0), "") | AK68: =IF(AB68=1, K68-1, IF(AB68=0, -1,"")) -> 0.11 | AL68: =IF(AC68=1, L68-1, IF(AC68=0, -1,"")) | AM68: =IF(AD68=1, M68-1, IF(AD68=0, -1,""))
D69: Brighton and Hove Albion | E69: Everton | G69: 0.24338182 | H69: 0.37355539 | I69: 0.38306279 | K69: 2.95 | L69: 3.46 | M69: 2.65 | N69: 0.33898305 | O69: 0.28901734 | P69: 0.37735849 | R69: H | S69: 3 | T69: 2 | V69: A | W69: 0 | AB69: =IF(V69=$G$5, IF(W69=$R$2, 1,0), "") | AC69: =IF(V69=$H$5, IF(W69=$R$2, 1,0), "") | AD69: =IF(V69=$I$5, IF(W69=$R$2, 1,0), "") -> 0 | AE69: =IF(MAX(N69:P69)=N69,$N$5,IF(MAX(N69:P69)=O69,$O$5,$P$5)) -> A | AF69: =IF(AE69=R69, $R$2,$R$3) -> 0 | AH69: =IF(AE69=$G$5, IF(AF69=$R$2, 1,0), "") | AI69: =IF(AE69=$H$5, IF(AF69=$R$2, 1,0), "") | AJ69: =IF(AE69=$I$5, IF(AF69=$R$2, 1,0), "") -> 0 | AK69: =IF(AB69=1, K69-1, IF(AB69=0, -1,"")) | AL69: =IF(AC69=1, L69-1, IF(AC69=0, -1,"")) | AM69: =IF(AD69=1, M69-1, IF(AD69=0, -1,"")) -> -1
D70: Watford | E70: AFC Bournemouth | G70: 0.29602014 | H70: 0.28294626 | I70: 0.4210336 | K70: 2.26 | L70: 3.7 | M70: 3.44 | N70: 0.44247788 | O70: 0.27027027 | P70: 0.29069767 | R70: D | S70: 0 | T70: 0 | V70: A | W70: 0 | AB70: =IF(V70=$G$5, IF(W70=$R$2, 1,0), "") | AC70: =IF(V70=$H$5, IF(W70=$R$2, 1,0), "") | AD70: =IF(V70=$I$5, IF(W70=$R$2, 1,0), "") -> 0 | AE70: =IF(MAX(N70:P70)=N70,$N$5,IF(MAX(N70:P70)=O70,$O$5,$P$5)) -> H | AF70: =IF(AE70=R70, $R$2,$R$3) -> 0 | AH70: =IF(AE70=$G$5, IF(AF70=$R$2, 1,0), "") -> 0 | AI70: =IF(AE70=$H$5, IF(AF70=$R$2, 1,0), "") | AJ70: =IF(AE70=$I$5, IF(AF70=$R$2, 1,0), "") | AK70: =IF(AB70=1, K70-1, IF(AB70=0, -1,"")) | AL70: =IF(AC70=1, L70-1, IF(AC70=0, -1,"")) | AM70: =IF(AD70=1, M70-1, IF(AD70=0, -1,"")) -> -1
D71: West Ham United | E71: Sheffield United | G71: 0.26739525 | H71: 0.35263108 | I71: 0.37997367 | K71: 2.18 | L71: 3.6 | M71: 3.7 | N71: 0.4587156 | O71: 0.27777778 | P71: 0.27027027 | R71: D | S71: 1 | T71: 1 | V71: A | W71: 0 | AB71: =IF(V71=$G$5, IF(W71=$R$2, 1,0), "") | AC71: =IF(V71=$H$5, IF(W71=$R$2, 1,0), "") | AD71: =IF(V71=$I$5, IF(W71=$R$2, 1,0), "") -> 0 | AE71: =IF(MAX(N71:P71)=N71,$N$5,IF(MAX(N71:P71)=O71,$O$5,$P$5)) -> H | AF71: =IF(AE71=R71, $R$2,$R$3) -> 0 | AH71: =IF(AE71=$G$5, IF(AF71=$R$2, 1,0), "") -> 0 | AI71: =IF(AE71=$H$5, IF(AF71=$R$2, 1,0), "") | AJ71: =IF(AE71=$I$5, IF(AF71=$R$2, 1,0), "") | AK71: =IF(AB71=1, K71-1, IF(AB71=0, -1,"")) | AL71: =IF(AC71=1, L71-1, IF(AC71=0, -1,"")) | AM71: =IF(AD71=1, M71-1, IF(AD71=0, -1,"")) -> -1
D72: Burnley | E72: Chelsea | G72: 0.18605991 | H72: 0.26007268 | I72: 0.55386741 | K72: 4.8 | L72: 4.25 | M72: 1.8 | N72: 0.20833333 | O72: 0.23529412 | P72: 0.55555556 | R72: A | S72: 2 | T72: 4 | V72: A | W72: 1 | Z72: 0 | AB72: =IF(V72=$G$5, IF(W72=$R$2, 1,0), "") | AC72: =IF(V72=$H$5, IF(W72=$R$2, 1,0), "") | AD72: =IF(V72=$I$5, IF(W72=$R$2, 1,0), "") -> 1 | AE72: =IF(MAX(N72:P72)=N72,$N$5,IF(MAX(N72:P72)=O72,$O$5,$P$5)) -> A | AF72: =IF(AE72=R72, $R$2,$R$3) -> 1 | AH72: =IF(AE72=$G$5, IF(AF72=$R$2, 1,0), "") | AI72: =IF(AE72=$H$5, IF(AF72=$R$2, 1,0), "") | AJ72: =IF(AE72=$I$5, IF(AF72=$R$2, 1,0), "") -> 1 | AK72: =IF(AB72=1, K72-1, IF(AB72=0, -1,"")) | AL72: =IF(AC72=1, L72-1, IF(AC72=0, -1,"")) | AM72: =IF(AD72=1, M72-1, IF(AD72=0, -1,"")) -> 0.8
D73: Newcastle | E73: Wolverhampton | G73: 0.19301676 | H73: 0.37694861 | I73: 0.43003463 | K73: 3.1 | L73: 3.2 | M73: 2.7 | N73: 0.32258065 | O73: 0.3125 | P73: 0.37037037 | R73: D | S73: 1 | T73: 1 | V73: A | W73: 0 | AB73: =IF(V73=$G$5, IF(W73=$R$2, 1,0), "") | AC73: =IF(V73=$H$5, IF(W73=$R$2, 1,0), "") | AD73: =IF(V73=$I$5, IF(W73=$R$2, 1,0), "") -> 0 | AE73: =IF(MAX(N73:P73)=N73,$N$5,IF(MAX(N73:P73)=O73,$O$5,$P$5)) -> A | AF73: =IF(AE73=R73, $R$2,$R$3) -> 0 | AH73: =IF(AE73=$G$5, IF(AF73=$R$2, 1,0), "") | AI73: =IF(AE73=$H$5, IF(AF73=$R$2, 1,0), "") | AJ73: =IF(AE73=$I$5, IF(AF73=$R$2, 1,0), "") -> 0 | AK73: =IF(AB73=1, K73-1, IF(AB73=0, -1,"")) | AL73: =IF(AC73=1, L73-1, IF(AC73=0, -1,"")) | AM73: =IF(AD73=1, M73-1, IF(AD73=0, -1,"")) -> -1
D74: Norwich City | E74: Manchester United | G74: 0.15006955 | H74: 0.20423413 | I74: 0.64569631 | K74: 4.65 | L74: 4.1 | M74: 1.87 | N74: 0.21505376 | O74: 0.24390244 | P74: 0.53475936 | R74: A | S74: 1 | T74: 3 | V74: A | W74: 1 | Z74: 1 | AB74: =IF(V74=$G$5, IF(W74=$R$2, 1,0), "") | AC74: =IF(V74=$H$5, IF(W74=$R$2, 1,0), "") | AD74: =IF(V74=$I$5, IF(W74=$R$2, 1,0), "") -> 1 | AE74: =IF(MAX(N74:P74)=N74,$N$5,IF(MAX(N74:P74)=O74,$O$5,$P$5)) -> A | AF74: =IF(AE74=R74, $R$2,$R$3) -> 1 | AH74: =IF(AE74=$G$5, IF(AF74=$R$2, 1,0), "") | AI74: =IF(AE74=$H$5, IF(AF74=$R$2, 1,0), "") | AJ74: =IF(AE74=$I$5, IF(AF74=$R$2, 1,0), "") -> 1 | AK74: =IF(AB74=1, K74-1, IF(AB74=0, -1,"")) | AL74: =IF(AC74=1, L74-1, IF(AC74=0, -1,"")) | AM74: =IF(AD74=1, M74-1, IF(AD74=0, -1,"")) -> 0.87
D75: Liverpool | E75: Tottenham Hotspur | G75: 0.65794367 | H75: 0.22291498 | I75: 0.11914136 | K75: 1.57 | L75: 4.65 | M75: 6.5 | N75: 0.63694268 | O75: 0.21505376 | P75: 0.15384615 | R75: H | S75: 2 | T75: 1 | V75: H | W75: 1 | Z75: 1 | AB75: =IF(V75=$G$5, IF(W75=$R$2, 1,0), "") -> 1 | AC75: =IF(V75=$H$5, IF(W75=$R$2, 1,0), "") | AD75: =IF(V75=$I$5, IF(W75=$R$2, 1,0), "") | AE75: =IF(MAX(N75:P75)=N75,$N$5,IF(MAX(N75:P75)=O75,$O$5,$P$5)) -> H | AF75: =IF(AE75=R75, $R$2,$R$3) -> 1 | AH75: =IF(AE75=$G$5, IF(AF75=$R$2, 1,0), "") -> 1 | AI75: =IF(AE75=$H$5, IF(AF75=$R$2, 1,0), "") | AJ75: =IF(AE75=$I$5, IF(AF75=$R$2, 1,0), "") | AK75: =IF(AB75=1, K75-1, IF(AB75=0, -1,"")) -> 0.57 | AL75: =IF(AC75=1, L75-1, IF(AC75=0, -1,"")) | AM75: =IF(AD75=1, M75-1, IF(AD75=0, -1,""))
D76: Arsenal | E76: Crystal Palace | G76: 0.43244622 | H76: 0.29458362 | I76: 0.27297016 | K76: 1.54 | L76: 4.8 | M76: 7 | N76: 0.64935065 | O76: 0.20833333 | P76: 0.14285714 | R76: D | S76: 2 | T76: 2 | V76: H | W76: 0 | AB76: =IF(V76=$G$5, IF(W76=$R$2, 1,0), "") -> 0 | AC76: =IF(V76=$H$5, IF(W76=$R$2, 1,0), "") | AD76: =IF(V76=$I$5, IF(W76=$R$2, 1,0), "") | AE76: =IF(MAX(N76:P76)=N76,$N$5,IF(MAX(N76:P76)=O76,$O$5,$P$5)) -> H | AF76: =IF(AE76=R76, $R$2,$R$3) -> 0 | AH76: =IF(AE76=$G$5, IF(AF76=$R$2, 1,0), "") -> 0 | AI76: =IF(AE76=$H$5, IF(AF76=$R$2, 1,0), "") | AJ76: =IF(AE76=$I$5, IF(AF76=$R$2, 1,0), "") | AK76: =IF(AB76=1, K76-1, IF(AB76=0, -1,"")) -> -1 | AL76: =IF(AC76=1, L76-1, IF(AC76=0, -1,"")) | AM76: =IF(AD76=1, M76-1, IF(AD76=0, -1,""))
C80: Week 11 | H80: Model Implied Probability | K80: Betfair odds | N80: Betfair implied probability
G81: H | H81: D | I81: A | K81: H | L81: D | M81: A | N81: H | O81: D | P81: A | R81: Real Winner | V81: Model Winner | W81: Model Correct | X81: Percentage Correct | Z81: Model V Betfair | AA81: Percentage Better v Betfair | AB81: Model Home | AC81: Model Draw | AD81: Model Away | AK81: =IF(AB81=1, K81, IF(AB81=0, -1,"")) | AL81: =IF(AC81=1, L81, IF(AC81=0, -1,"")) | AM81: =IF(AD81=1, M81, IF(AD81=0, -1,""))
D82: AFC Bournemouth | E82: Manchester United | G82: 0.20523409 | H82: 0.27910211 | I82: 0.51566381 | K82: 3.44 | L82: 3.7 | M82: 2.26 | N82: 0.29069767 | O82: 0.27027027 | P82: 0.44247788 | R82: H | S82: 1 | T82: 0 | V82: A | W82: 0 | X82: 0.5 | AA82: 0.2 | AB82: =IF(V82=$G$5, IF(W82=$R$2, 1,0), "") | AC82: =IF(V82=$H$5, IF(W82=$R$2, 1,0), "") | AD82: =IF(V82=$I$5, IF(W82=$R$2, 1,0), "") -> 0 | AE82: =IF(MAX(N82:P82)=N82,$N$5,IF(MAX(N82:P82)=O82,$O$5,$P$5)) -> A | AF82: =IF(AE82=R82, $R$2,$R$3) -> 0 | AG82: =COUNTIF(AF82:AF91, $R$2)/COUNT(AF82:AF91) -> 0.6 | AH82: =IF(AE82=$G$5, IF(AF82=$R$2, 1,0), "") | AI82: =IF(AE82=$H$5, IF(AF82=$R$2, 1,0), "") | AJ82: =IF(AE82=$I$5, IF(AF82=$R$2, 1,0), "") -> 0 | AK82: =IF(AB82=1, K82-1, IF(AB82=0, -1,"")) | AL82: =IF(AC82=1, L82-1, IF(AC82=0, -1,"")) | AM82: =IF(AD82=1, M82-1, IF(AD82=0, -1,"")) -> -1
D83: Sheffield United | E83: Burnley | G83: 0.29644934 | H83: 0.37286904 | I83: 0.33068162 | K83: 2.34 | L83: 3.32 | M83: 3.6 | N83: 0.42735043 | O83: 0.30120482 | P83: 0.27777778 | R83: H | S83: 3 | T83: 0 | V83: D | W83: 0 | AB83: =IF(V83=$G$5, IF(W83=$R$2, 1,0), "") | AC83: =IF(V83=$H$5, IF(W83=$R$2, 1,0), "") -> 0 | AD83: =IF(V83=$I$5, IF(W83=$R$2, 1,0), "") | AE83: =IF(MAX(N83:P83)=N83,$N$5,IF(MAX(N83:P83)=O83,$O$5,$P$5)) -> H | AF83: =IF(AE83=R83, $R$2,$R$3) -> 1 | AH83: =IF(AE83=$G$5, IF(AF83=$R$2, 1,0), "") -> 1 | AI83: =IF(AE83=$H$5, IF(AF83=$R$2, 1,0), "") | AJ83: =IF(AE83=$I$5, IF(AF83=$R$2, 1,0), "") | AK83: =IF(AB83=1, K83-1, IF(AB83=0, -1,"")) | AL83: =IF(AC83=1, L83-1, IF(AC83=0, -1,"")) -> -1 | AM83: =IF(AD83=1, M83-1, IF(AD83=0, -1,""))
D84: Arsenal | E84: Wolverhampton | G84: 0.3115596 | H84: 0.32339299 | I84: 0.36504741 | K84: 1.83 | L84: 4 | M84: 4.85 | N84: 0.54644809 | O84: 0.25 | P84: 0.20618557 | R84: D | S84: 1 | T84: 1 | V84: A | W84: 0 | AB84: =IF(V84=$G$5, IF(W84=$R$2, 1,0), "") | AC84: =IF(V84=$H$5, IF(W84=$R$2, 1,0), "") | AD84: =IF(V84=$I$5, IF(W84=$R$2, 1,0), "") -> 0 | AE84: =IF(MAX(N84:P84)=N84,$N$5,IF(MAX(N84:P84)=O84,$O$5,$P$5)) -> H | AF84: =IF(AE84=R84, $R$2,$R$3) -> 0 | AH84: =IF(AE84=$G$5, IF(AF84=$R$2, 1,0), "") -> 0 | AI84: =IF(AE84=$H$5, IF(AF84=$R$2, 1,0), "") | AJ84: =IF(AE84=$I$5, IF(AF84=$R$2, 1,0), "") | AK84: =IF(AB84=1, K84-1, IF(AB84=0, -1,"")) | AL84: =IF(AC84=1, L84-1, IF(AC84=0, -1,"")) | AM84: =IF(AD84=1, M84-1, IF(AD84=0, -1,"")) -> -1
D85: Aston Villa | E85: Liverpool | G85: 0.16590971 | H85: 0.29910988 | I85: 0.5349804 | K85: 9.25 | L85: 5.7 | M85: 1.39 | N85: 0.10810811 | O85: 0.1754386 | P85: 0.71942446 | R85: A | S85: 1 | T85: 2 | V85: A | W85: 1 | Z85: 0 | AB85: =IF(V85=$G$5, IF(W85=$R$2, 1,0), "") | AC85: =IF(V85=$H$5, IF(W85=$R$2, 1,0), "") | AD85: =IF(V85=$I$5, IF(W85=$R$2, 1,0), "") -> 1 | AE85: =IF(MAX(N85:P85)=N85,$N$5,IF(MAX(N85:P85)=O85,$O$5,$P$5)) -> A | AF85: =IF(AE85=R85, $R$2,$R$3) -> 1 | AH85: =IF(AE85=$G$5, IF(AF85=$R$2, 1,0), "") | AI85: =IF(AE85=$H$5, IF(AF85=$R$2, 1,0), "") | AJ85: =IF(AE85=$I$5, IF(AF85=$R$2, 1,0), "") -> 1 | AK85: =IF(AB85=1, K85-1, IF(AB85=0, -1,"")) | AL85: =IF(AC85=1, L85-1, IF(AC85=0, -1,"")) | AM85: =IF(AD85=1, M85-1, IF(AD85=0, -1,"")) -> 0.39
D86: Manchester City | E86: Southampton | G86: 0.68246376 | H86: 0.21238024 | I86: 0.105156 | K86: 1.11 | L86: 13.5 | M86: 41 | N86: 0.9009009 | O86: 0.074074074 | P86: 0.024390244 | R86: H | S86: 2 | T86: 1 | V86: H | W86: 1 | Z86: 0 | AB86: =IF(V86=$G$5, IF(W86=$R$2, 1,0), "") -> 1 | AC86: =IF(V86=$H$5, IF(W86=$R$2, 1,0), "") | AD86: =IF(V86=$I$5, IF(W86=$R$2, 1,0), "") | AE86: =IF(MAX(N86:P86)=N86,$N$5,IF(MAX(N86:P86)=O86,$O$5,$P$5)) -> H | AF86: =IF(AE86=R86, $R$2,$R$3) -> 1 | AH86: =IF(AE86=$G$5, IF(AF86=$R$2, 1,0), "") -> 1 | AI86: =IF(AE86=$H$5, IF(AF86=$R$2, 1,0), "") | AJ86: =IF(AE86=$I$5, IF(AF86=$R$2, 1,0), "") | AK86: =IF(AB86=1, K86-1, IF(AB86=0, -1,"")) -> 0.11 | AL86: =IF(AC86=1, L86-1, IF(AC86=0, -1,"")) | AM86: =IF(AD86=1, M86-1, IF(AD86=0, -1,""))
D87: West Ham United | E87: Newcastle | G87: 0.45418205 | H87: 0.3318427 | I87: 0.21397525 | K87: 1.84 | L87: 3.95 | M87: 4.75 | N87: 0.54347826 | O87: 0.25316456 | P87: 0.21052632 | R87: A | S87: 2 | T87: 3 | V87: H | W87: 0 | AB87: =IF(V87=$G$5, IF(W87=$R$2, 1,0), "") -> 0 | AC87: =IF(V87=$H$5, IF(W87=$R$2, 1,0), "") | AD87: =IF(V87=$I$5, IF(W87=$R$2, 1,0), "") | AE87: =IF(MAX(N87:P87)=N87,$N$5,IF(MAX(N87:P87)=O87,$O$5,$P$5)) -> H | AF87: =IF(AE87=R87, $R$2,$R$3) -> 0 | AH87: =IF(AE87=$G$5, IF(AF87=$R$2, 1,0), "") -> 0 | AI87: =IF(AE87=$H$5, IF(AF87=$R$2, 1,0), "") | AJ87: =IF(AE87=$I$5, IF(AF87=$R$2, 1,0), "") | AK87: =IF(AB87=1, K87-1, IF(AB87=0, -1,"")) -> -1 | AL87: =IF(AC87=1, L87-1, IF(AC87=0, -1,"")) | AM87: =IF(AD87=1, M87-1, IF(AD87=0, -1,""))
D88: Brighton and Hove Albion | E88: Norwich City | G88: 0.45679103 | H88: 0.37866586 | I88: 0.16454311 | K88: 1.75 | L88: 4.4 | M88: 5 | N88: 0.57142857 | O88: 0.22727273 | P88: 0.2 | R88: H | S88: 2 | T88: 0 | V88: H | W88: 1 | Z88: 0 | AB88: =IF(V88=$G$5, IF(W88=$R$2, 1,0), "") -> 1 | AC88: =IF(V88=$H$5, IF(W88=$R$2, 1,0), "") | AD88: =IF(V88=$I$5, IF(W88=$R$2, 1,0), "") | AE88: =IF(MAX(N88:P88)=N88,$N$5,IF(MAX(N88:P88)=O88,$O$5,$P$5)) -> H | AF88: =IF(AE88=R88, $R$2,$R$3) -> 1 | AH88: =IF(AE88=$G$5, IF(AF88=$R$2, 1,0), "") -> 1 | AI88: =IF(AE88=$H$5, IF(AF88=$R$2, 1,0), "") | AJ88: =IF(AE88=$I$5, IF(AF88=$R$2, 1,0), "") | AK88: =IF(AB88=1, K88-1, IF(AB88=0, -1,"")) -> 0.75 | AL88: =IF(AC88=1, L88-1, IF(AC88=0, -1,"")) | AM88: =IF(AD88=1, M88-1, IF(AD88=0, -1,""))
D89: Watford | E89: Chelsea | G89: 0.18674754 | H89: 0.25373183 | I89: 0.55952063 | K89: 5.25 | L89: 4.5 | M89: 1.7 | N89: 0.19047619 | O89: 0.22222222 | P89: 0.58823529 | R89: A | S89: 1 | T89: 2 | V89: A | W89: 1 | Z89: 0 | AB89: =IF(V89=$G$5, IF(W89=$R$2, 1,0), "") | AC89: =IF(V89=$H$5, IF(W89=$R$2, 1,0), "") | AD89: =IF(V89=$I$5, IF(W89=$R$2, 1,0), "") -> 1 | AE89: =IF(MAX(N89:P89)=N89,$N$5,IF(MAX(N89:P89)=O89,$O$5,$P$5)) -> A | AF89: =IF(AE89=R89, $R$2,$R$3) -> 1 | AH89: =IF(AE89=$G$5, IF(AF89=$R$2, 1,0), "") | AI89: =IF(AE89=$H$5, IF(AF89=$R$2, 1,0), "") | AJ89: =IF(AE89=$I$5, IF(AF89=$R$2, 1,0), "") -> 1 | AK89: =IF(AB89=1, K89-1, IF(AB89=0, -1,"")) | AL89: =IF(AC89=1, L89-1, IF(AC89=0, -1,"")) | AM89: =IF(AD89=1, M89-1, IF(AD89=0, -1,"")) -> 0.7
D90: Crystal Palace | E90: Leicester City | G90: 0.20246796 | H90: 0.31823254 | I90: 0.4792995 | K90: 3.65 | L90: 3.5 | M90: 2.25 | N90: 0.2739726 | O90: 0.28571429 | P90: 0.44444444 | R90: A | S90: 0 | T90: 2 | V90: A | W90: 1 | Z90: 1 | AB90: =IF(V90=$G$5, IF(W90=$R$2, 1,0), "") | AC90: =IF(V90=$H$5, IF(W90=$R$2, 1,0), "") | AD90: =IF(V90=$I$5, IF(W90=$R$2, 1,0), "") -> 1 | AE90: =IF(MAX(N90:P90)=N90,$N$5,IF(MAX(N90:P90)=O90,$O$5,$P$5)) -> A | AF90: =IF(AE90=R90, $R$2,$R$3) -> 1 | AH90: =IF(AE90=$G$5, IF(AF90=$R$2, 1,0), "") | AI90: =IF(AE90=$H$5, IF(AF90=$R$2, 1,0), "") | AJ90: =IF(AE90=$I$5, IF(AF90=$R$2, 1,0), "") -> 1 | AK90: =IF(AB90=1, K90-1, IF(AB90=0, -1,"")) | AL90: =IF(AC90=1, L90-1, IF(AC90=0, -1,"")) | AM90: =IF(AD90=1, M90-1, IF(AD90=0, -1,"")) -> 1.25
D91: Everton | E91: Tottenham Hotspur | G91: 0.34784607 | H91: 0.30225362 | I91: 0.34990031 | K91: 2.82 | L91: 3.6 | M91: 2.68 | N91: 0.35460993 | O91: 0.27777778 | P91: 0.37313433 | R91: D | S91: 1 | T91: 1 | V91: A | W91: 0 | AB91: =IF(V91=$G$5, IF(W91=$R$2, 1,0), "") | AC91: =IF(V91=$H$5, IF(W91=$R$2, 1,0), "") | AD91: =IF(V91=$I$5, IF(W91=$R$2, 1,0), "") -> 0 | AE91: =IF(MAX(N91:P91)=N91,$N$5,IF(MAX(N91:P91)=O91,$O$5,$P$5)) -> A | AF91: =IF(AE91=R91, $R$2,$R$3) -> 0 | AH91: =IF(AE91=$G$5, IF(AF91=$R$2, 1,0), "") | AI91: =IF(AE91=$H$5, IF(AF91=$R$2, 1,0), "") | AJ91: =IF(AE91=$I$5, IF(AF91=$R$2, 1,0), "") -> 0 | AK91: =IF(AB91=1, K91-1, IF(AB91=0, -1,"")) | AL91: =IF(AC91=1, L91-1, IF(AC91=0, -1,"")) | AM91: =IF(AD91=1, M91-1, IF(AD91=0, -1,"")) -> -1
C95: Week 12 | H95: Model Implied Probability | K95: Betfair odds | N95: Betfair implied probability
G96: H | H96: D | I96: A | K96: H | L96: D | M96: A | N96: H | O96: D | P96: A | R96: Real Winner | V96: Model Winner | W96: Model Correct | X96: Percentage Correct | Z96: Model V Betfair | AA96: Percentage Better v Betfair | AB96: Model Home | AC96: Model Draw | AD96: Model Away | AK96: =IF(AB96=1, K96, IF(AB96=0, -1,"")) | AL96: =IF(AC96=1, L96, IF(AC96=0, -1,"")) | AM96: =IF(AD96=1, M96, IF(AD96=0, -1,""))
D97: Norwich City | E97: Watford | G97: 0.29274072 | H97: 0.24281324 | I97: 0.46444603 | K97: 2.75 | L97: 3.65 | M97: 2.72 | N97: 0.36363636 | O97: 0.2739726 | P97: 0.36764706 | R97: A | S97: 0 | T97: 2 | V97: A | W97: 1 | X97: 0.6 | Z97: 1 | AA97: 0.33333333 | AB97: =IF(V97=$G$5, IF(W97=$R$2, 1,0), "") | AC97: =IF(V97=$H$5, IF(W97=$R$2, 1,0), "") | AD97: =IF(V97=$I$5, IF(W97=$R$2, 1,0), "") -> 1 | AE97: =IF(MAX(N97:P97)=N97,$N$5,IF(MAX(N97:P97)=O97,$O$5,$P$5)) -> A | AF97: =IF(AE97=R97, $R$2,$R$3) -> 1 | AG97: =COUNTIF(AF97:AF106, $R$2)/COUNT(AF97:AF106) -> 0.9 | AH97: =IF(AE97=$G$5, IF(AF97=$R$2, 1,0), "") | AI97: =IF(AE97=$H$5, IF(AF97=$R$2, 1,0), "") | AJ97: =IF(AE97=$I$5, IF(AF97=$R$2, 1,0), "") -> 1 | AK97: =IF(AB97=1, K97-1, IF(AB97=0, -1,"")) | AL97: =IF(AC97=1, L97-1, IF(AC97=0, -1,"")) | AM97: =IF(AD97=1, M97-1, IF(AD97=0, -1,"")) -> 1.72
D98: Chelsea | E98: Crystal Palace | G98: 0.52361112 | H98: 0.29890851 | I98: 0.17748037 | K98: 1.37 | L98: 5.6 | M98: 10.25 | N98: 0.72992701 | O98: 0.17857143 | P98: 0.097560976 | R98: H | S98: 2 | T98: 0 | V98: H | W98: 1 | Z98: 0 | AB98: =IF(V98=$G$5, IF(W98=$R$2, 1,0), "") -> 1 | AC98: =IF(V98=$H$5, IF(W98=$R$2, 1,0), "") | AD98: =IF(V98=$I$5, IF(W98=$R$2, 1,0), "") | AE98: =IF(MAX(N98:P98)=N98,$N$5,IF(MAX(N98:P98)=O98,$O$5,$P$5)) -> H | AF98: =IF(AE98=R98, $R$2,$R$3) -> 1 | AH98: =IF(AE98=$G$5, IF(AF98=$R$2, 1,0), "") -> 1 | AI98: =IF(AE98=$H$5, IF(AF98=$R$2, 1,0), "") | AJ98: =IF(AE98=$I$5, IF(AF98=$R$2, 1,0), "") | AK98: =IF(AB98=1, K98-1, IF(AB98=0, -1,"")) -> 0.37 | AL98: =IF(AC98=1, L98-1, IF(AC98=0, -1,"")) | AM98: =IF(AD98=1, M98-1, IF(AD98=0, -1,""))
D99: Southampton | E99: Everton | G99: 0.16599008 | H99: 0.2779682 | I99: 0.55604172 | K99: 3.11 | L99: 3.53 | M99: 2.58 | N99: 0.32154341 | O99: 0.28328612 | P99: 0.3875969 | R99: A | S99: 1 | T99: 2 | V99: A | W99: 1 | Z99: 1 | AB99: =IF(V99=$G$5, IF(W99=$R$2, 1,0), "") | AC99: =IF(V99=$H$5, IF(W99=$R$2, 1,0), "") | AD99: =IF(V99=$I$5, IF(W99=$R$2, 1,0), "") -> 1 | AE99: =IF(MAX(N99:P99)=N99,$N$5,IF(MAX(N99:P99)=O99,$O$5,$P$5)) -> A | AF99: =IF(AE99=R99, $R$2,$R$3) -> 1 | AH99: =IF(AE99=$G$5, IF(AF99=$R$2, 1,0), "") | AI99: =IF(AE99=$H$5, IF(AF99=$R$2, 1,0), "") | AJ99: =IF(AE99=$I$5, IF(AF99=$R$2, 1,0), "") -> 1 | AK99: =IF(AB99=1, K99-1, IF(AB99=0, -1,"")) | AL99: =IF(AC99=1, L99-1, IF(AC99=0, -1,"")) | AM99: =IF(AD99=1, M99-1, IF(AD99=0, -1,"")) -> 1.58
D100: Newcastle | E100: AFC Bournemouth | G100: 0.25466932 | H100: 0.35743084 | I100: 0.38789984 | K100: 2.72 | L100: 3.5 | M100: 2.95 | N100: 0.36764706 | O100: 0.28571429 | P100: 0.33898305 | R100: H | S100: 2 | T100: 1 | V100: A | W100: 0 | AB100: =IF(V100=$G$5, IF(W100=$R$2, 1,0), "") | AC100: =IF(V100=$H$5, IF(W100=$R$2, 1,0), "") | AD100: =IF(V100=$I$5, IF(W100=$R$2, 1,0), "") -> 0 | AE100: =IF(MAX(N100:P100)=N100,$N$5,IF(MAX(N100:P100)=O100,$O$5,$P$5)) -> H | AF100: =IF(AE100=R100, $R$2,$R$3) -> 1 | AH100: =IF(AE100=$G$5, IF(AF100=$R$2, 1,0), "") -> 1 | AI100: =IF(AE100=$H$5, IF(AF100=$R$2, 1,0), "") | AJ100: =IF(AE100=$I$5, IF(AF100=$R$2, 1,0), "") | AK100: =IF(AB100=1, K100-1, IF(AB100=0, -1,"")) | AL100: =IF(AC100=1, L100-1, IF(AC100=0, -1,"")) | AM100: =IF(AD100=1, M100-1, IF(AD100=0, -1,"")) -> -1
D101: Burnley | E101: West Ham United | G101: 0.33527909 | H101: 0.31519333 | I101: 0.34952758 | K101: 2.33 | L101: 3.73 | M101: 3.3 | N101: 0.42918455 | O101: 0.26809651 | P101: 0.3030303 | R101: H | S101: 3 | T101: 0 | V101: A | W101: 0 | AB101: =IF(V101=$G$5, IF(W101=$R$2, 1,0), "") | AC101: =IF(V101=$H$5, IF(W101=$R$2, 1,0), "") | AD101: =IF(V101=$I$5, IF(W101=$R$2, 1,0), "") -> 0 | AE101: =IF(MAX(N101:P101)=N101,$N$5,IF(MAX(N101:P101)=O101,$O$5,$P$5)) -> H | AF101: =IF(AE101=R101, $R$2,$R$3) -> 1 | AH101: =IF(AE101=$G$5, IF(AF101=$R$2, 1,0), "") -> 1 | AI101: =IF(AE101=$H$5, IF(AF101=$R$2, 1,0), "") | AJ101: =IF(AE101=$I$5, IF(AF101=$R$2, 1,0), "") | AK101: =IF(AB101=1, K101-1, IF(AB101=0, -1,"")) | AL101: =IF(AC101=1, L101-1, IF(AC101=0, -1,"")) | AM101: =IF(AD101=1, M101-1, IF(AD101=0, -1,"")) -> -1
D102: Tottenham Hotspur | E102: Sheffield United | G102: 0.46522709 | H102: 0.33972951 | I102: 0.19504339 | K102: 1.63 | L102: 4.34 | M102: 6.5 | N102: 0.61349693 | O102: 0.23041475 | P102: 0.15384615 | R102: D | S102: 1 | T102: 1 | V102: H | W102: 0 | AB102: =IF(V102=$G$5, IF(W102=$R$2, 1,0), "") -> 0 | AC102: =IF(V102=$H$5, IF(W102=$R$2, 1,0), "") | AD102: =IF(V102=$I$5, IF(W102=$R$2, 1,0), "") | AE102: =IF(MAX(N102:P102)=N102,$N$5,IF(MAX(N102:P102)=O102,$O$5,$P$5)) -> H | AF102: =IF(AE102=R102, $R$2,$R$3) -> 0 | AH102: =IF(AE102=$G$5, IF(AF102=$R$2, 1,0), "") -> 0 | AI102: =IF(AE102=$H$5, IF(AF102=$R$2, 1,0), "") | AJ102: =IF(AE102=$I$5, IF(AF102=$R$2, 1,0), "") | AK102: =IF(AB102=1, K102-1, IF(AB102=0, -1,"")) -> -1 | AL102: =IF(AC102=1, L102-1, IF(AC102=0, -1,"")) | AM102: =IF(AD102=1, M102-1, IF(AD102=0, -1,""))
D103: Leicester City | E103: Arsenal | G103: 0.3974872 | H103: 0.34207313 | I103: 0.26043966 | K103: 2.08 | L103: 3.98 | M103: 3.8 | N103: 0.48076923 | O103: 0.25125628 | P103: 0.26315789 | R103: H | S103: 2 | T103: 0 | V103: H | W103: 1 | Z103: 0 | AB103: =IF(V103=$G$5, IF(W103=$R$2, 1,0), "") -> 1 | AC103: =IF(V103=$H$5, IF(W103=$R$2, 1,0), "") | AD103: =IF(V103=$I$5, IF(W103=$R$2, 1,0), "") | AE103: =IF(MAX(N103:P103)=N103,$N$5,IF(MAX(N103:P103)=O103,$O$5,$P$5)) -> H | AF103: =IF(AE103=R103, $R$2,$R$3) -> 1 | AH103: =IF(AE103=$G$5, IF(AF103=$R$2, 1,0), "") -> 1 | AI103: =IF(AE103=$H$5, IF(AF103=$R$2, 1,0), "") | AJ103: =IF(AE103=$I$5, IF(AF103=$R$2, 1,0), "") | AK103: =IF(AB103=1, K103-1, IF(AB103=0, -1,"")) -> 1.08 | AL103: =IF(AC103=1, L103-1, IF(AC103=0, -1,"")) | AM103: =IF(AD103=1, M103-1, IF(AD103=0, -1,""))
D104: Wolverhampton | E104: Aston Villa | G104: 0.37147392 | H104: 0.27048563 | I104: 0.35804046 | K104: 1.96 | L104: 3.8 | M104: 4.4 | N104: 0.51020408 | O104: 0.26315789 | P104: 0.22727273 | R104: H | S104: 2 | T104: 1 | V104: H | W104: 1 | Z104: 0 | AB104: =IF(V104=$G$5, IF(W104=$R$2, 1,0), "") -> 1 | AC104: =IF(V104=$H$5, IF(W104=$R$2, 1,0), "") | AD104: =IF(V104=$I$5, IF(W104=$R$2, 1,0), "") | AE104: =IF(MAX(N104:P104)=N104,$N$5,IF(MAX(N104:P104)=O104,$O$5,$P$5)) -> H | AF104: =IF(AE104=R104, $R$2,$R$3) -> 1 | AH104: =IF(AE104=$G$5, IF(AF104=$R$2, 1,0), "") -> 1 | AI104: =IF(AE104=$H$5, IF(AF104=$R$2, 1,0), "") | AJ104: =IF(AE104=$I$5, IF(AF104=$R$2, 1,0), "") | AK104: =IF(AB104=1, K104-1, IF(AB104=0, -1,"")) -> 0.96 | AL104: =IF(AC104=1, L104-1, IF(AC104=0, -1,"")) | AM104: =IF(AD104=1, M104-1, IF(AD104=0, -1,""))
D105: Manchester United | E105: Brighton and Hove Albion | G105: 0.5260572 | H105: 0.29404937 | I105: 0.17989343 | K105: 1.72 | L105: 3.8 | M105: 6.5 | N105: 0.58139535 | O105: 0.26315789 | P105: 0.15384615 | R105: H | S105: 3 | T105: 1 | V105: H | W105: 1 | Z105: 0 | AB105: =IF(V105=$G$5, IF(W105=$R$2, 1,0), "") -> 1 | AC105: =IF(V105=$H$5, IF(W105=$R$2, 1,0), "") | AD105: =IF(V105=$I$5, IF(W105=$R$2, 1,0), "") | AE105: =IF(MAX(N105:P105)=N105,$N$5,IF(MAX(N105:P105)=O105,$O$5,$P$5)) -> H | AF105: =IF(AE105=R105, $R$2,$R$3) -> 1 | AH105: =IF(AE105=$G$5, IF(AF105=$R$2, 1,0), "") -> 1 | AI105: =IF(AE105=$H$5, IF(AF105=$R$2, 1,0), "") | AJ105: =IF(AE105=$I$5, IF(AF105=$R$2, 1,0), "") | AK105: =IF(AB105=1, K105-1, IF(AB105=0, -1,"")) -> 0.72 | AL105: =IF(AC105=1, L105-1, IF(AC105=0, -1,"")) | AM105: =IF(AD105=1, M105-1, IF(AD105=0, -1,""))
D106: Liverpool | E106: Manchester City | G106: 0.33385676 | H106: 0.2939485 | I106: 0.37219474 | K106: 2.7 | L106: 3.75 | M106: 2.78 | N106: 0.37037037 | O106: 0.26666667 | P106: 0.35971223 | R106: H | S106: 3 | T106: 1 | V106: A | W106: 0 | AB106: =IF(V106=$G$5, IF(W106=$R$2, 1,0), "") | AC106: =IF(V106=$H$5, IF(W106=$R$2, 1,0), "") | AD106: =IF(V106=$I$5, IF(W106=$R$2, 1,0), "") -> 0 | AE106: =IF(MAX(N106:P106)=N106,$N$5,IF(MAX(N106:P106)=O106,$O$5,$P$5)) -> H | AF106: =IF(AE106=R106, $R$2,$R$3) -> 1 | AH106: =IF(AE106=$G$5, IF(AF106=$R$2, 1,0), "") -> 1 | AI106: =IF(AE106=$H$5, IF(AF106=$R$2, 1,0), "") | AJ106: =IF(AE106=$I$5, IF(AF106=$R$2, 1,0), "") | AK106: =IF(AB106=1, K106-1, IF(AB106=0, -1,"")) | AL106: =IF(AC106=1, L106-1, IF(AC106=0, -1,"")) | AM106: =IF(AD106=1, M106-1, IF(AD106=0, -1,"")) -> -1
C110: Week 13 | H110: Model Implied Probability | K110: Betfair odds | N110: Betfair implied probability
G111: H | H111: D | I111: A | K111: H | L111: D | M111: A | N111: H | O111: D | P111: A | R111: Real Winner | V111: Model Winner | W111: Model Correct | X111: Percentage Correct | Z111: Model V Betfair | AA111: Percentage Better v Betfair | AB111: Model Home | AC111: Model Draw | AD111: Model Away | AK111: =IF(AB111=1, K111, IF(AB111=0, -1,"")) | AL111: =IF(AC111=1, L111, IF(AC111=0, -1,"")) | AM111: =IF(AD111=1, M111, IF(AD111=0, -1,""))
D112: West Ham United | E112: Tottenham Hotspur | G112: 0.28545447 | H112: 0.28775563 | I112: 0.4267899 | K112: 4.45 | L112: 4.36 | M112: 1.82 | N112: 0.2247191 | O112: 0.2293578 | P112: 0.54945055 | R112: A | S112: 2 | T112: 3 | V112: A | W112: 1 | X112: 0.7 | Z112: 0 | AA112: 0.28571429 | AB112: =IF(V112=$G$5, IF(W112=$R$2, 1,0), "") | AC112: =IF(V112=$H$5, IF(W112=$R$2, 1,0), "") | AD112: =IF(V112=$I$5, IF(W112=$R$2, 1,0), "") -> 1 | AE112: =IF(MAX(N112:P112)=N112,$N$5,IF(MAX(N112:P112)=O112,$O$5,$P$5)) -> A | AF112: =IF(AE112=R112, $R$2,$R$3) -> 1 | AG112: =COUNTIF(AF112:AF121, $R$2)/COUNT(AF112:AF121) -> 0.6 | AH112: =IF(AE112=$G$5, IF(AF112=$R$2, 1,0), "") | AI112: =IF(AE112=$H$5, IF(AF112=$R$2, 1,0), "") | AJ112: =IF(AE112=$I$5, IF(AF112=$R$2, 1,0), "") -> 1 | AK112: =IF(AB112=1, K112-1, IF(AB112=0, -1,"")) | AL112: =IF(AC112=1, L112-1, IF(AC112=0, -1,"")) | AM112: =IF(AD112=1, M112-1, IF(AD112=0, -1,"")) -> 0.82
D113: Brighton and Hove Albion | E113: Leicester City | G113: 0.24245715 | H113: 0.32705882 | I113: 0.43048403 | K113: 3.85 | L113: 3.7 | M113: 2.1 | N113: 0.25974026 | O113: 0.27027027 | P113: 0.47619048 | R113: A | S113: 0 | T113: 2 | V113: A | W113: 1 | Z113: 0 | AB113: =IF(V113=$G$5, IF(W113=$R$2, 1,0), "") | AC113: =IF(V113=$H$5, IF(W113=$R$2, 1,0), "") | AD113: =IF(V113=$I$5, IF(W113=$R$2, 1,0), "") -> 1 | AE113: =IF(MAX(N113:P113)=N113,$N$5,IF(MAX(N113:P113)=O113,$O$5,$P$5)) -> A | AF113: =IF(AE113=R113, $R$2,$R$3) -> 1 | AH113: =IF(AE113=$G$5, IF(AF113=$R$2, 1,0), "") | AI113: =IF(AE113=$H$5, IF(AF113=$R$2, 1,0), "") | AJ113: =IF(AE113=$I$5, IF(AF113=$R$2, 1,0), "") -> 1 | AK113: =IF(AB113=1, K113-1, IF(AB113=0, -1,"")) | AL113: =IF(AC113=1, L113-1, IF(AC113=0, -1,"")) | AM113: =IF(AD113=1, M113-1, IF(AD113=0, -1,"")) -> 1.1
D114: Everton | E114: Norwich City | G114: 0.52606947 | H114: 0.33442217 | I114: 0.13950836 | K114: 1.45 | L114: 5.25 | M114: 9 | N114: 0.68965517 | O114: 0.19047619 | P114: 0.11111111 | R114: A | S114: 0 | T114: 2 | V114: H | W114: 0 | AB114: =IF(V114=$G$5, IF(W114=$R$2, 1,0), "") -> 0 | AC114: =IF(V114=$H$5, IF(W114=$R$2, 1,0), "") | AD114: =IF(V114=$I$5, IF(W114=$R$2, 1,0), "") | AE114: =IF(MAX(N114:P114)=N114,$N$5,IF(MAX(N114:P114)=O114,$O$5,$P$5)) -> H | AF114: =IF(AE114=R114, $R$2,$R$3) -> 0 | AH114: =IF(AE114=$G$5, IF(AF114=$R$2, 1,0), "") -> 0 | AI114: =IF(AE114=$H$5, IF(AF114=$R$2, 1,0), "") | AJ114: =IF(AE114=$I$5, IF(AF114=$R$2, 1,0), "") | AK114: =IF(AB114=1, K114-1, IF(AB114=0, -1,"")) -> -1 | AL114: =IF(AC114=1, L114-1, IF(AC114=0, -1,"")) | AM114: =IF(AD114=1, M114-1, IF(AD114=0, -1,""))
D115: Crystal Palace | E115: Liverpool | G115: 0.099930231 | H115: 0.26807975 | I115: 0.63199002 | K115: 8 | L115: 4.84 | M115: 1.48 | N115: 0.125 | O115: 0.20661157 | P115: 0.67567568 | R115: A | S115: 1 | T115: 2 | V115: A | W115: 1 | Z115: 0 | AB115: =IF(V115=$G$5, IF(W115=$R$2, 1,0), "") | AC115: =IF(V115=$H$5, IF(W115=$R$2, 1,0), "") | AD115: =IF(V115=$I$5, IF(W115=$R$2, 1,0), "") -> 1 | AE115: =IF(MAX(N115:P115)=N115,$N$5,IF(MAX(N115:P115)=O115,$O$5,$P$5)) -> A | AF115: =IF(AE115=R115, $R$2,$R$3) -> 1 | AH115: =IF(AE115=$G$5, IF(AF115=$R$2, 1,0), "") | AI115: =IF(AE115=$H$5, IF(AF115=$R$2, 1,0), "") | AJ115: =IF(AE115=$I$5, IF(AF115=$R$2, 1,0), "") -> 1 | AK115: =IF(AB115=1, K115-1, IF(AB115=0, -1,"")) | AL115: =IF(AC115=1, L115-1, IF(AC115=0, -1,"")) | AM115: =IF(AD115=1, M115-1, IF(AD115=0, -1,"")) -> 0.48
D116: AFC Bournemouth | E116: Wolverhampton | G116: 0.24688688 | H116: 0.33036886 | I116: 0.42274426 | K116: 2.9 | L116: 3.41 | M116: 2.7 | N116: 0.34482759 | O116: 0.29325513 | P116: 0.37037037 | R116: A | S116: 1 | T116: 2 | V116: A | W116: 1 | Z116: 1 | AB116: =IF(V116=$G$5, IF(W116=$R$2, 1,0), "") | AC116: =IF(V116=$H$5, IF(W116=$R$2, 1,0), "") | AD116: =IF(V116=$I$5, IF(W116=$R$2, 1,0), "") -> 1 | AE116: =IF(MAX(N116:P116)=N116,$N$5,IF(MAX(N116:P116)=O116,$O$5,$P$5)) -> A | AF116: =IF(AE116=R116, $R$2,$R$3) -> 1 | AH116: =IF(AE116=$G$5, IF(AF116=$R$2, 1,0), "") | AI116: =IF(AE116=$H$5, IF(AF116=$R$2, 1,0), "") | AJ116: =IF(AE116=$I$5, IF(AF116=$R$2, 1,0), "") -> 1 | AK116: =IF(AB116=1, K116-1, IF(AB116=0, -1,"")) | AL116: =IF(AC116=1, L116-1, IF(AC116=0, -1,"")) | AM116: =IF(AD116=1, M116-1, IF(AD116=0, -1,"")) -> 1.7
D117: Arsenal | E117: Southampton | G117: 0.39074004 | H117: 0.29986653 | I117: 0.30939343 | K117: 1.52 | L117: 5 | M117: 7 | N117: 0.65789474 | O117: 0.2 | P117: 0.14285714 | R117: D | S117: 2 | T117: 2 | V117: H | W117: 0 | AB117: =IF(V117=$G$5, IF(W117=$R$2, 1,0), "") -> 0 | AC117: =IF(V117=$H$5, IF(W117=$R$2, 1,0), "") | AD117: =IF(V117=$I$5, IF(W117=$R$2, 1,0), "") | AE117: =IF(MAX(N117:P117)=N117,$N$5,IF(MAX(N117:P117)=O117,$O$5,$P$5)) -> H | AF117: =IF(AE117=R117, $R$2,$R$3) -> 0 | AH117: =IF(AE117=$G$5, IF(AF117=$R$2, 1,0), "") -> 0 | AI117: =IF(AE117=$H$5, IF(AF117=$R$2, 1,0), "") | AJ117: =IF(AE117=$I$5, IF(AF117=$R$2, 1,0), "") | AK117: =IF(AB117=1, K117-1, IF(AB117=0, -1,"")) -> -1 | AL117: =IF(AC117=1, L117-1, IF(AC117=0, -1,"")) | AM117: =IF(AD117=1, M117-1, IF(AD117=0, -1,""))
D118: Watford | E118: Burnley | G118: 0.29158928 | H118: 0.31784907 | I118: 0.39056166 | K118: 2.4 | L118: 3.51 | M118: 3.35 | N118: 0.41666667 | O118: 0.28490028 | P118: 0.29850746 | R118: A | S118: 0 | T118: 3 | V118: A | W118: 1 | Z118: 1 | AB118: =IF(V118=$G$5, IF(W118=$R$2, 1,0), "") | AC118: =IF(V118=$H$5, IF(W118=$R$2, 1,0), "") | AD118: =IF(V118=$I$5, IF(W118=$R$2, 1,0), "") -> 1 | AE118: =IF(MAX(N118:P118)=N118,$N$5,IF(MAX(N118:P118)=O118,$O$5,$P$5)) -> H | AF118: =IF(AE118=R118, $R$2,$R$3) -> 0 | AH118: =IF(AE118=$G$5, IF(AF118=$R$2, 1,0), "") -> 0 | AI118: =IF(AE118=$H$5, IF(AF118=$R$2, 1,0), "") | AJ118: =IF(AE118=$I$5, IF(AF118=$R$2, 1,0), "") | AK118: =IF(AB118=1, K118-1, IF(AB118=0, -1,"")) | AL118: =IF(AC118=1, L118-1, IF(AC118=0, -1,"")) | AM118: =IF(AD118=1, M118-1, IF(AD118=0, -1,"")) -> 2.35
D119: Manchester City | E119: Chelsea | G119: 0.60981979 | H119: 0.22263774 | I119: 0.16754248 | K119: 1.48 | L119: 5.3 | M119: 7.1 | N119: 0.67567568 | O119: 0.18867925 | P119: 0.14084507 | R119: H | S119: 2 | T119: 1 | V119: H | W119: 1 | Z119: 0 | AB119: =IF(V119=$G$5, IF(W119=$R$2, 1,0), "") -> 1 | AC119: =IF(V119=$H$5, IF(W119=$R$2, 1,0), "") | AD119: =IF(V119=$I$5, IF(W119=$R$2, 1,0), "") | AE119: =IF(MAX(N119:P119)=N119,$N$5,IF(MAX(N119:P119)=O119,$O$5,$P$5)) -> H | AF119: =IF(AE119=R119, $R$2,$R$3) -> 1 | AH119: =IF(AE119=$G$5, IF(AF119=$R$2, 1,0), "") -> 1 | AI119: =IF(AE119=$H$5, IF(AF119=$R$2, 1,0), "") | AJ119: =IF(AE119=$I$5, IF(AF119=$R$2, 1,0), "") | AK119: =IF(AB119=1, K119-1, IF(AB119=0, -1,"")) -> 0.48 | AL119: =IF(AC119=1, L119-1, IF(AC119=0, -1,"")) | AM119: =IF(AD119=1, M119-1, IF(AD119=0, -1,""))
D120: Sheffield United | E120: Manchester United | G120: 0.24724188 | H120: 0.3520103 | I120: 0.40074783 | K120: 3.68 | L120: 3.4 | M120: 2.25 | N120: 0.27173913 | O120: 0.29411765 | P120: 0.44444444 | R120: D | S120: 3 | T120: 3 | V120: A | W120: 0 | AB120: =IF(V120=$G$5, IF(W120=$R$2, 1,0), "") | AC120: =IF(V120=$H$5, IF(W120=$R$2, 1,0), "") | AD120: =IF(V120=$I$5, IF(W120=$R$2, 1,0), "") -> 0 | AE120: =IF(MAX(N120:P120)=N120,$N$5,IF(MAX(N120:P120)=O120,$O$5,$P$5)) -> A | AF120: =IF(AE120=R120, $R$2,$R$3) -> 0 | AH120: =IF(AE120=$G$5, IF(AF120=$R$2, 1,0), "") | AI120: =IF(AE120=$H$5, IF(AF120=$R$2, 1,0), "") | AJ120: =IF(AE120=$I$5, IF(AF120=$R$2, 1,0), "") -> 0 | AK120: =IF(AB120=1, K120-1, IF(AB120=0, -1,"")) | AL120: =IF(AC120=1, L120-1, IF(AC120=0, -1,"")) | AM120: =IF(AD120=1, M120-1, IF(AD120=0, -1,"")) -> -1
D121: Aston Villa | E121: Newcastle | G121: 0.4215688 | H121: 0.32806891 | I121: 0.25036228 | K121: 2.2 | L121: 3.6 | M121: 3.75 | N121: 0.45454545 | O121: 0.27777778 | P121: 0.26666667 | R121: H | S121: 2 | T121: 0 | V121: H | W121: 1 | Z121: 0 | AB121: =IF(V121=$G$5, IF(W121=$R$2, 1,0), "") -> 1 | AC121: =IF(V121=$H$5, IF(W121=$R$2, 1,0), "") | AD121: =IF(V121=$I$5, IF(W121=$R$2, 1,0), "") | AE121: =IF(MAX(N121:P121)=N121,$N$5,IF(MAX(N121:P121)=O121,$O$5,$P$5)) -> H | AF121: =IF(AE121=R121, $R$2,$R$3) -> 1 | AH121: =IF(AE121=$G$5, IF(AF121=$R$2, 1,0), "") -> 1 | AI121: =IF(AE121=$H$5, IF(AF121=$R$2, 1,0), "") | AJ121: =IF(AE121=$I$5, IF(AF121=$R$2, 1,0), "") | AK121: =IF(AB121=1, K121-1, IF(AB121=0, -1,"")) -> 1.2 | AL121: =IF(AC121=1, L121-1, IF(AC121=0, -1,"")) | AM121: =IF(AD121=1, M121-1, IF(AD121=0, -1,""))
C125: Week 14 | H125: Model Implied Probability | K125: Betfair odds | N125: Betfair implied probability
...

Sheet Games
B3: Real Goals | C3: =BackTest!C3 -> 0.3
B4: XG | C4: =BackTest!C4 -> 0.7
G5: Home | H5: Draw | I5: Away
D6: Leicester City | E6: Manchester United | G6: =' Poisson 2018'!I7 -> 0.28141113 | H6: =' Poisson 2018'!J7 -> 0.32866552 | I6: =' Poisson 2018'!K7 -> 0.38992335 | N6: Sheffield United | O6: Liverpool
D7: Southampton | E7: Sheffield United | G7: =' Poisson 2018'!I40 -> 0.30255918 | H7: =' Poisson 2018'!J40 -> 0.34329592 | I7: =' Poisson 2018'!K40 -> 0.3541449 | N7: Chelsea | O7: Brighton and Hove Albion
D8: Burnley | E8: Brighton and Hove Albion | G8: =' Poisson 2018'!I73 -> 0.37262373 | H8: =' Poisson 2018'!J73 -> 0.31707442 | I8: =' Poisson 2018'!K73 -> 0.31030185 | N8: Tottenham Hotspur | O8: Southampton
D9: Everton | E9: AFC Bournemouth | G9: =' Poisson 2018'!I106 -> 0.42122861 | H9: =' Poisson 2018'!J106 -> 0.33135171 | I9: =' Poisson 2018'!K106 -> 0.24741967 | N9: AFC Bournemouth | O9: West Ham United
D10: Chelsea | E10: Wolverhampton | G10: =' Poisson 2018'!I139 -> 0.41451691 | H10: =' Poisson 2018'!J139 -> 0.34225901 | I10: =' Poisson 2018'!K139 -> 0.24322408 | N10: Crystal Palace | O10: Norwich City
D11: Arsenal | E11: Watford | G11: =' Poisson 2018'!I172 -> 0.45404344 | H11: =' Poisson 2018'!J172 -> 0.31372302 | I11: =' Poisson 2018'!K172 -> 0.23223354 | N11: Aston Villa | O11: Burnley
D12: West Ham United | E12: Aston Villa | G12: =' Poisson 2018'!I205 -> 0.39791095 | H12: =' Poisson 2018'!J205 -> 0.27824206 | I12: =' Poisson 2018'!K205 -> 0.323847 | N12: Wolverhampton | O12: Watford
D13: Newcastle | E13: Liverpool | G13: =' Poisson 2018'!I238 -> 0.10831937 | H13: =' Poisson 2018'!J238 -> 0.2355535 | I13: =' Poisson 2018'!K238 -> 0.65612713 | N13: Everton | O13: Manchester City
D14: Crystal Palace | E14: Tottenham Hotspur | G14: =' Poisson 2018'!I271 -> 0.24500075 | H14: =' Poisson 2018'!J271 -> 0.34452976 | I14: =' Poisson 2018'!K271 -> 0.41046949 | N14: Leicester City | O14: Newcastle
D15: Manchester City | E15: Norwich City | G15: =' Poisson 2018'!I304 -> 0.77930486 | H15: =' Poisson 2018'!J304 -> 0.1672275 | I15: =' Poisson 2018'!K304 -> 0.053467639 | N15: Manchester United | O15: Arsenal
N18: Brighton and Hove Albion | O18: Tottenham Hotspur
N19: Liverpool | O19: Leicester City
N20: Norwich City | O20: Aston Villa
N21: Burnley | O21: Everton
N22: Watford | O22: Sheffield United
N23: West Ham United | O23: Crystal Palace
N24: Manchester City | O24: Wolverhampton
N25: Southampton | O25: Chelsea
N26: Arsenal | O26: AFC Bournemouth
N27: Newcastle | O27: Manchester United
N30: Everton | O30: West Ham United
N31: AFC Bournemouth | O31: Norwich City
... N99: Leicester City | O99: Everton

Sheet  Poisson 2018
C4: Game 1
F6: Score Predictor | I6: Team 1 | J6: Draw | K6: Team 2
D7: Team 1 | E7: Team 2 | F7: Team 1 | G7: Team 2 | I7: =SUM(F22:K22, G23:K23,H24:K24,I25:K25,J26:K26,K27)/K30 -> 0.28141113 | J7: =SUM(E22,F23,G24,H25,I26,J27,K28)/K30 -> 0.32866552 | K7: =SUM(E23:E28,F24:F28,G25:G28,H26:H28,I27:I28,J28)/K30 -> 0.38992335
D8: =Games!D6 -> Leicester City | E8: =Games!E6 -> Manchester United | F8: =(VLOOKUP($D8,Calculator!$F$11:$V$30,10,FALSE) *VLOOKUP($E8,Calculator!$F$11:$V$30,13,FALSE))*Games!$C$3 + (VLOOKUP($D8,Calculator!$F$11:$V$30,14,FALSE) *VLOOKUP($E8,Calculator!$F$11:$V$30,17,FALSE)) *Games!$C$4 -> 0.79128929 | G8: =(VLOOKUP($E8,Calculator!$F$11:$V$30,12,FALSE) *VLOOKUP($D8,Calculator!$F$11:$V$30,11,FALSE))*Games!$C$3 + (VLOOKUP($E8,Calculator!$F$11:$V$30,16,FALSE) *VLOOKUP($D8,Calculator!$F$11:$V$30,15,FALSE)) *Games!$C$4 -> 0.98945559
E12: 0 | F12: 1 | G12: 2 | H12: 3 | I12: 4 | J12: 5 | K12: 6
D13: Team 1 | E13: =_xlfn.POISSON.DIST(E12,$F8, FALSE) -> 0.45326003 | F13: =_xlfn.POISSON.DIST(F12,$F8, FALSE) -> 0.35865981 | G13: =_xlfn.POISSON.DIST(G12,$F8, FALSE) -> 0.14190183 | H13: =_xlfn.POISSON.DIST(H12,$F8, FALSE) -> 0.037428467 | I13: =_xlfn.POISSON.DIST(I12,$F8, FALSE) -> 0.0074041863 | J13: =_xlfn.POISSON.DIST(J12,$F8, FALSE) -> 0.0011717707 | K13: =_xlfn.POISSON.DIST(K12,$F8, FALSE) -> 0.00015453493
D14: Team 2 | E14: =_xlfn.POISSON.DIST(E12,$G8, FALSE) -> 0.37177904 | F14: =_xlfn.POISSON.DIST(F12,$G8, FALSE) -> 0.36785885 | G14: =_xlfn.POISSON.DIST(G12,$G8, FALSE) -> 0.18199 | H14: =_xlfn.POISSON.DIST(H12,$G8, FALSE) -> 0.060023673 | I14: =_xlfn.POISSON.DIST(I12,$G8, FALSE) -> 0.01484769 | J14: =_xlfn.POISSON.DIST(J12,$G8, FALSE) -> 0.0029382259 | K14: =_xlfn.POISSON.DIST(K12,$G8, FALSE) -> 0.00048454067
D19: Prob
E20: Team 1
D21: Team 2 | E21: 0 | F21: 1 | G21: 2 | H21: 3 | I21: 4 | J21: 5 | K21: 6
D22: 0 | E22: =E13*E14 -> 0.16851258 | F22: =F13*E14 -> 0.1333422 | G22: =G13*E14 -> 0.052756127 | H22: =H13*E14 -> 0.013915119 | I22: =I13*E14 -> 0.0027527212 | J22: =J13*E14 -> 0.00043563977 | K22: =K13*E14 -> 5.7452847e-05
D23: 1 | E23: =E13*F14 -> 0.16673571 | F23: =F13*F14 -> 0.13193618 | G23: =G13*F14 -> 0.052199845 | H23: =H13*F14 -> 0.013768393 | I23: =I13*F14 -> 0.0027236954 | J23: =F14*J13 -> 0.0004310462 | K23: =F14*K13 -> 5.6847041e-05
D24: 2 | E24: =E13*G14 -> 0.082488792 | F24: =G14*F13 -> 0.065272497 | G24: =G13*G14 -> 0.025824714 | H24: =G14*H13 -> 0.0068116066 | I24: =G14*I13 -> 0.0013474878 | J24: =J13*G14 -> 0.00021325054 | K24: =K13*G14 -> 2.8123811e-05
D25: 3 | E25: =E13*H14 -> 0.027206332 | F25: =H14*F13 -> 0.021528079 | G25: =H14*G13 -> 0.0085174692 | H25: =H13*H14 -> 0.0022465941 | I25: =H14*I13 -> 0.00044442646 | J25: =H14*J13 -> 7.0333979e-05 | K25: =H14*K13 -> 9.275754e-06
D26: 4 | E26: =E13*I14 -> 0.0067298643 | F26: =F13*I14 -> 0.0053252696 | G26: =I14*G13 -> 0.0021069144 | H26: =I14*H13 -> 0.00055572626 | I26: =I13*I14 -> 0.00010993506 | J26: =I14*J13 -> 1.7398087e-05 | K26: =I14*K13 -> 2.2944867e-06
D27: 5 | E27: =E13*J14 -> 0.0013317804 | F27: =J14*F13 -> 0.0010538235 | G27: =J14*G13 -> 0.00041693964 | H27: =J14*H13 -> 0.00010997329 | I27: =J14*I13 -> 2.1755172e-05 | J27: =J13*J14 -> 3.4429269e-06 | K27: =J14*K13 -> 4.5405853e-07
D28: 6 | E28: =E13*K14 -> 0.00021962292 | F28: =K14*F13 -> 0.00017378527 | G28: =K14*G13 -> 6.875721e-05 | H28: =K14*H13 -> 1.8135615e-05 | I28: =K14*I13 -> 3.5876294e-06 | J28: =K14*J13 -> 5.6777055e-07 | K28: =K14*K13 -> 7.4878459e-08
J30: Sum | K30: =SUM(E22:K28) -> 0.99990265
C37: Game 2
F39: Score Predictor | I39: Team 1 | J39: Draw | K39: Team 2
D40: Team 1 | E40: Team 2 | F40: Team 1 | G40: Team 2 | I40: =SUM(F55:K55, G56:K56,H57:K57,I58:K58,J59:K59,K60)/K63 -> 0.30255918 | J40: =SUM(E55,F56,G57,H58,I59,J60,K61)/K63 -> 0.34329592 | K40: =SUM(E56:E61,F57:F61,G58:G61,H59:H61,I60:I61,J61)/K63 -> 0.3541449
D41: =Games!D7 -> Southampton | E41: =Games!E7 -> Sheffield United | F41: =(VLOOKUP($D41,Calculator!$F$11:$V$30,10,FALSE) *VLOOKUP($E41,Calculator!$F$11:$V$30,13,FALSE))*Games!$C$3 + (VLOOKUP($D41,Calculator!$F$11:$V$30,14,FALSE) *VLOOKUP($E41,Calculator!$F$11:$V$30,17,FALSE)) *Games!$C$4 -> 0.79071419 | G41: =(VLOOKUP($E41,Calculator!$F$11:$V$30,12,FALSE) *VLOOKUP($D41,Calculator!$F$11:$V$30,11,FALSE))*Games!$C$3 + (VLOOKUP($E41,Calculator!$F$11:$V$30,16,FALSE) *VLOOKUP($D41,Calculator!$F$11:$V$30,15,FALSE)) *Games!$C$4 -> 0.88248506
E45: 0 | F45: 1 | G45: 2 | H45: 3 | I45: 4 | J45: 5 | K45: 6
D46: Team 1 | E46: =_xlfn.POISSON.DIST(E45,$F41, FALSE) -> 0.45352078 | F46: =_xlfn.POISSON.DIST(F45,$F41, FALSE) -> 0.35860532 | G46: =_xlfn.POISSON.DIST(G45,$F41, FALSE) -> 0.14177716 | H46: =_xlfn.POISSON.DIST(H45,$F41, FALSE) -> 0.037368403 | I46: =_xlfn.POISSON.DIST(I45,$F41, FALSE) -> 0.0073869317 | J46: =_xlfn.POISSON.DIST(J45,$F41, FALSE) -> 0.0011681904 | K46: =_xlfn.POISSON.DIST(K45,$F41, FALSE) -> 0.00015395078
D47: Team 2 | E47: =_xlfn.POISSON.DIST(E45,$G41, FALSE) -> 0.41375343 | F47: =_xlfn.POISSON.DIST(F45,$G41, FALSE) -> 0.36513122 | G47: =_xlfn.POISSON.DIST(G45,$G41, FALSE) -> 0.16111142 | H47: =_xlfn.POISSON.DIST(H45,$G41, FALSE) -> 0.047392808 | I47: =_xlfn.POISSON.DIST(I45,$G41, FALSE) -> 0.010455861 | J47: =_xlfn.POISSON.DIST(J45,$G41, FALSE) -> 0.0018454282 | K47: =_xlfn.POISSON.DIST(K45,$G41, FALSE) -> 0.00027142714
D52: Prob
E53: Team 1
D54: Team 2 | E54: 0 | F54: 1 | G54: 2 | H54: 3 | I54: 4 | J54: 5 | K54: 6
D55: 0 | E55: =E46*E47 -> 0.18764578 | F55: =F46*E47 -> 0.14837418 | G55: =G46*E47 -> 0.058660785 | H55: =H46*E47 -> 0.015461305 | I55: =I46*E47 -> 0.0030563684 | J55: =J46*E47 -> 0.00048334277 | K55: =K46*E47 -> 6.3697665e-05
D56: 1 | E56: =E46*F47 -> 0.1655946 | F56: =F46*F47 -> 0.130938 | G56: =G46*F47 -> 0.051767266 | H56: =H46*F47 -> 0.013644371 | I56: =I46*F47 -> 0.0026971994 | J56: =F47*J46 -> 0.00042654277 | K56: =F47*K46 -> 5.6212237e-05
D57: 2 | E57: =E46*G47 -> 0.073067378 | F57: =G47*F46 -> 0.057775413 | G57: =G46*G47 -> 0.022841919 | H57: =G47*H46 -> 0.0060204766 | I57: =G47*I46 -> 0.0011901191 | J57: =J46*G47 -> 0.00018820881 | K57: =K46*G47 -> 2.480323e-05
D58: 3 | E58: =E46*H47 -> 0.021493623 | F58: =H47*F46 -> 0.016995313 | G58: =H47*G46 -> 0.0067192175 | H58: =H46*H47 -> 0.0017709936 | I58: =H47*I46 -> 0.00035008744 | J58: =H47*J46 -> 5.5363821e-05 | K58: =H47*K46 -> 7.2961598e-06
D59: 4 | E59: =E46*I47 -> 0.0047419503 | F59: =F46*I47 -> 0.0037495274 | G59: =I47*G46 -> 0.0014824023 | H59: =I47*H46 -> 0.00039071884 | I59: =I46*I47 -> 7.7236733e-05 | J59: =I47*J46 -> 1.2214436e-05 | K59: =I47*K46 -> 1.609688e-06
D60: 5 | E60: =E46*J47 -> 0.00083694005 | F60: =J47*F46 -> 0.00066178038 | G60: =J47*G46 -> 0.00026163957 | H60: =J47*H46 -> 6.8960707e-05 | I60: =J47*I46 -> 1.3632052e-05 | J60: =J46*J47 -> 2.1558115e-06 | K60: =J47*K46 -> 2.8410512e-07
D61: 6 | E61: =E46*K47 -> 0.00012309785 | F61: =K47*F46 -> 9.7335216e-05 | G61: =K47*G46 -> 3.8482168e-05 | H61: =K47*H46 -> 1.0142799e-05 | I61: =K47*I46 -> 2.0050138e-06 | J61: =K47*J46 -> 3.1707857e-07 | K61: =K47*K46 -> 4.1786421e-08
J63: Sum | K63: =SUM(E55:K61) -> 0.99994233
C70: Game 3
F72: Score Predictor | I72: Team 1 | J72: Draw | K72: Team 2
D73: Team 1 | E73: Team 2 | F73: Team 1 | G73: Team 2 | I73: =SUM(F88:K88, G89:K89,H90:K90,I91:K91,J92:K92,K93)/K96 -> 0.37262373 | J73: =SUM(E88,F89,G90,H91,I92,J93,K94)/K96 -> 0.31707442 | K73: =SUM(E89:E94,F90:F94,G91:G94,H92:H94,I93:I94,J94)/K96 -> 0.31030185
D74: =Games!D8 -> Burnley | E74: =Games!E8 -> Brighton and Hove Albion | F74: =(VLOOKUP($D74,Calculator!$F$11:$V$30,10,FALSE) *VLOOKUP($E74,Calculator!$F$11:$V$30,13,FALSE))*Games!$C$3 + (VLOOKUP($D74,Calculator!$F$11:$V$30,14,FALSE) *VLOOKUP($E74,Calculator!$F$11:$V$30,17,FALSE)) *Games!$C$4 -> 1.0105354 | G74: =(VLOOKUP($E74,Calculator!$F$11:$V$30,12,FALSE) *VLOOKUP($D74,Calculator!$F$11:$V$30,11,FALSE))*Games!$C$3 + (VLOOKUP($E74,Calculator!$F$11:$V$30,16,FALSE) *VLOOKUP($D74,Calculator!$F$11:$V$30,15,FALSE)) *Games!$C$4 -> 0.89375465
E78: 0 | F78: 1 | G78: 2 | H78: 3 | I78: 4 | J78: 5 | K78: 6
D79: Team 1 | E79: =_xlfn.POISSON.DIST(E78,$F74, FALSE) -> 0.36402402 | F79: =_xlfn.POISSON.DIST(F78,$F74, FALSE) -> 0.36785917 | G79: =_xlfn.POISSON.DIST(G78,$F74, FALSE) -> 0.18586736 | H79: =_xlfn.POISSON.DIST(H78,$F74, FALSE) -> 0.062608516 | I79: =_xlfn.POISSON.DIST(I78,$F74, FALSE) -> 0.015817031 | J79: =_xlfn.POISSON.DIST(J78,$F74, FALSE) -> 0.0031967339 | K79: =_xlfn.POISSON.DIST(K78,$F74, FALSE) -> 0.00053840213
D80: Team 2 | E80: =_xlfn.POISSON.DIST(E78,$G74, FALSE) -> 0.40911677 | F80: =_xlfn.POISSON.DIST(F78,$G74, FALSE) -> 0.36565002 | G80: =_xlfn.POISSON.DIST(G78,$G74, FALSE) -> 0.1634007 | H80: =_xlfn.POISSON.DIST(H78,$G74, FALSE) -> 0.048680046 | I80: =_xlfn.POISSON.DIST(I78,$G74, FALSE) -> 0.010877004 | J80: =_xlfn.POISSON.DIST(J78,$G74, FALSE) -> 0.0019442747 | K80: =_xlfn.POISSON.DIST(K78,$G74, FALSE) -> 0.00028961742
D85: Prob
E86: Team 1
D87: Team 2 | E87: 0 | F87: 1 | G87: 2 | H87: 3 | I87: 4 | J87: 5 | K87: 6
D88: 0 | E88: =E79*E80 -> 0.14892833 | F88: =F79*E80 -> 0.15049736 | G88: =G79*E80 -> 0.076041454 | H88: =H79*E80 -> 0.025614194 | I88: =I79*E80 -> 0.0064710125 | J88: =J79*E80 -> 0.0013078375 | K88: =K79*E80 -> 0.00022026934
D89: 1 | E89: =E79*F80 -> 0.13310539 | F89: =F79*F80 -> 0.13450771 | G89: =G79*F80 -> 0.067962403 | H89: =H79*F80 -> 0.022892805 | I89: =I79*F80 -> 0.0057834975 | J89: =F80*J79 -> 0.0011688858 | K89: =F80*K79 -> 0.00019686675
D90: 2 | E90: =E79*G80 -> 0.059481782 | F90: =G80*F79 -> 0.060108447 | G90: =G79*G80 -> 0.030370857 | H90: =G80*H79 -> 0.010230276 | I90: =G80*I79 -> 0.0025845139 | J90: =J79*G80 -> 0.00052234857 | K90: =K79*G80 -> 8.7975287e-05
D91: 3 | E91: =E79*H80 -> 0.017720706 | F91: =H80*F79 -> 0.017907401 | G91: =H80*G79 -> 0.0090480316 | H91: =H79*H80 -> 0.0030477854 | I91: =H80*I79 -> 0.00076997378 | J91: =H80*J79 -> 0.00015561715 | K91: =H80*K79 -> 2.6209441e-05
D92: 4 | E92: =E79*I80 -> 0.003959491 | F92: =F79*I80 -> 0.0040012058 | G92: =I80*G79 -> 0.0020216801 | H92: =I80*H79 -> 0.00068099311 | I92: =I79*I80 -> 0.00017204191 | J92: =I80*J79 -> 3.4770889e-05 | K92: =I80*K79 -> 5.8562024e-06
D93: 5 | E93: =E79*J80 -> 0.00070776269 | F93: =J80*F79 -> 0.00071521926 | G93: =J80*G79 -> 0.0003613772 | H93: =J80*H79 -> 0.00012172815 | I93: =J80*I79 -> 3.0752652e-05 | J93: =J79*J80 -> 6.2153288e-06 | K93: =J80*K79 -> 1.0468016e-06
D94: 6 | E94: =E79*K80 -> 0.0001054277 | F94: =K80*F79 -> 0.00010653842 | G94: =K80*G79 -> 5.3830425e-05 | H94: =K80*H79 -> 1.8132517e-05 | I94: =K80*I79 -> 4.5808876e-06 | J94: =K80*J79 -> 9.2582983e-07 | K94: =K80*K79 -> 1.5593064e-07
J96: Sum | K96: =SUM(E88:K94) -> 0.99986968
C103: Game 4
F105: Score Predictor | I105: Team 1 | J105: Draw | K105: Team 2
D106: Team 1 | E106: Team 2 | F106: Team 1 | G106: Team 2 | I106: =SUM(F121:K121, G122:K122,H123:K123,I124:K124,J125:K125,K126)/K129 -> 0.42122861 | J106: =SUM(E121,F122,G123,H124,I125,J126,K127)/K129 -> 0.33135171 | K106: =SUM(E122:E127,F123:F127,G124:G127,H125:H127,I126:I127,J127)/K129 -> 0.24741967
D107: =Games!D9 -> Everton | E107: =Games!E9 -> AFC Bournemouth | F107: =(VLOOKUP($D107,Calculator!$F$11:$V$30,10,FALSE) *VLOOKUP($E107,Calculator!$F$11:$V$30,13,FALSE))*Games!$C$3 + (VLOOKUP($D107,Calculator!$F$11:$V$30,14,FALSE) *VLOOKUP($E107,Calculator!$F$11:$V$30,17,FALSE)) *Games!$C$4 -> 1.0195373 | G107: =(VLOOKUP($E107,Calculator!$F$11:$V$30,12,FALSE) *VLOOKUP($D107,Calculator!$F$11:$V$30,11,FALSE))*Games!$C$3 + (VLOOKUP($E107,Calculator!$F$11:$V$30,16,FALSE) *VLOOKUP($D107,Calculator!$F$11:$V$30,15,FALSE)) *Games!$C$4 -> 0.70513667
E111: 0 | F111: 1 | G111: 2 | H111: 3 | I111: 4 | J111: 5 | K111: 6
D112: Team 1 | E112: =_xlfn.POISSON.DIST(E111,$F107, FALSE) -> 0.36076184 | F112: =_xlfn.POISSON.DIST(F111,$F107, FALSE) -> 0.36781014 | G112: =_xlfn.POISSON.DIST(G111,$F107, FALSE) -> 0.18749807 | H112: =_xlfn.POISSON.DIST(H111,$F107, FALSE) -> 0.063720422 | I112: =_xlfn.POISSON.DIST(I111,$F107, FALSE) -> 0.016241336 | J112: =_xlfn.POISSON.DIST(J111,$F107, FALSE) -> 0.0033117294 | K112: =_xlfn.POISSON.DIST(K111,$F107, FALSE) -> 0.00056273858
D113: Team 2 | E113: =_xlfn.POISSON.DIST(E111,$G107, FALSE) -> 0.49404105 | F113: =_xlfn.POISSON.DIST(F111,$G107, FALSE) -> 0.34836646 | G113: =_xlfn.POISSON.DIST(G111,$G107, FALSE) -> 0.12282298 | H113: =_xlfn.POISSON.DIST(H111,$G107, FALSE) -> 0.028868996 | I113: =_xlfn.POISSON.DIST(I111,$G107, FALSE) -> 0.0050891469 | J113: =_xlfn.POISSON.DIST(J111,$G107, FALSE) -> 0.00071770882 | K113: =_xlfn.POISSON.DIST(K111,$G107, FALSE) -> 8.4347134e-05
D118: Prob
E119: Team 1
D120: Team 2 | E120: 0 | F120: 1 | G120: 2 | H120: 3 | I120: 4 | J120: 5 | K120: 6
D121: 0 | E121: =E112*E113 -> 0.17823116 | F121: =F112*E113 -> 0.18171331 | G121: =G112*E113 -> 0.092631743 | H121: =H112*E113 -> 0.031480504 | I121: =I112*E113 -> 0.0080238867 | J121: =J112*E113 -> 0.0016361303 | K121: =K112*E113 -> 0.00027801596
D122: 1 | E122: =E112*F113 -> 0.12567733 | F122: =F112*F113 -> 0.12813272 | G122: =G112*F113 -> 0.065318038 | H122: =H112*F113 -> 0.022198058 | I122: =I112*F113 -> 0.0056579367 | J122: =F113*J112 -> 0.0011536954 | K122: =F113*K112 -> 0.00019603925
D123: 2 | E123: =E112*G113 -> 0.044309845 | F123: =G113*F112 -> 0.045175538 | G123: =G112*G113 -> 0.023029072 | H123: =G113*H112 -> 0.0078263322 | I123: =G113*I112 -> 0.0019948093 | J123: =J112*G113 -> 0.00040675648 | K123: =K112*G113 -> 6.9117231e-05
D124: 3 | E124: =E112*H113 -> 0.010414832 | F124: =H113*F112 -> 0.010618309 | G124: =H113*G112 -> 0.005412881 | H124: =H112*H113 -> 0.0018395446 | I124: =H113*I112 -> 0.00046887106 | J124: =H113*J112 -> 9.5606303e-05 | K124: =H113*K112 -> 1.6245698e-05
D125: 4 | E125: =E112*I113 -> 0.00183597 | F125: =F112*I113 -> 0.0018718398 | G125: =I113*G112 -> 0.00095420522 | H125: =I113*H112 -> 0.00032428259 | I125: =I112*I113 -> 8.2654545e-05 | J125: =I113*J112 -> 1.6853877e-05 | K125: =I113*K112 -> 2.8638593e-06
D126: 5 | E126: =E112*J113 -> 0.00025892196 | F126: =J113*F112 -> 0.00026398058 | G126: =J113*G112 -> 0.00013456902 | H126: =J113*H112 -> 4.5732709e-05 | I126: =J113*I112 -> 1.165655e-05 | J126: =J112*J113 -> 2.3768574e-06 | K126: =J113*K112 -> 4.0388244e-07
D127: 6 | E127: =E112*K113 -> 3.0429228e-05 | F127: =K113*F112 -> 3.1023731e-05 | G127: =K113*G112 -> 1.5814925e-05 | H127: =K113*H112 -> 5.374635e-06 | I127: =K113*I112 -> 1.3699101e-06 | J127: =K113*J112 -> 2.7933488e-07 | K127: =K113*K112 -> 4.7465387e-08
J129: Sum | K129: =SUM(E121:K127) -> 0.99989697
C136: Game 5
F138: Score Predictor | I138: Team 1 | J138: Draw | K138: Team 2
D139: Team 1 | E139: Team 2 | F139: Team 1 | G139: Team 2 | I139: =SUM(F154:K154, G155:K155,H156:K156,I157:K157,J158:K158,K159)/K162 -> 0.41451691 | J139: =SUM(E154,F155,G156,H157,I158,J159,K160)/K162 -> 0.34225901 | K139: =SUM(E155:E160,F156:F160,G157:G160,H158:H160,I159:I160,J160)/K162 -> 0.24322408
D140: =Games!D10 -> Chelsea | E140: =Games!E10 -> Wolverhampton | F140: =(VLOOKUP($D140,Calculator!$F$11:$V$30,10,FALSE) *VLOOKUP($E140,Calculator!$F$11:$V$30,13,FALSE))*Games!$C$3 + (VLOOKUP($D140,Calculator!$F$11:$V$30,14,FALSE) *VLOOKUP($E140,Calculator!$F$11:$V$30,17,FALSE)) *Games!$C$4 -> 0.97056915 | G140: =(VLOOKUP($E140,Calculator!$F$11:$V$30,12,FALSE) *VLOOKUP($D140,Calculator!$F$11:$V$30,11,FALSE))*Games!$C$3 + (VLOOKUP($E140,Calculator!$F$11:$V$30,16,FALSE) *VLOOKUP($D140,Calculator!$F$11:$V$30,15,FALSE)) *Games!$C$4 -> 0.66701053
E144: 0 | F144: 1 | G144: 2 | H144: 3 | I144: 4 | J144: 5 | K144: 6
D145: Team 1 | E145: =_xlfn.POISSON.DIST(E144,$F140, FALSE) -> 0.37886734 | F145: =_xlfn.POISSON.DIST(F144,$F140, FALSE) -> 0.36771696 | G145: =_xlfn.POISSON.DIST(G144,$F140, FALSE) -> 0.17844737 | H145: =_xlfn.POISSON.DIST(H144,$F140, FALSE) -> 0.057731836 | I145: =_xlfn.POISSON.DIST(I144,$F140, FALSE) -> 0.014008185 | J145: =_xlfn.POISSON.DIST(J144,$F140, FALSE) -> 0.0027191824 | K145: =_xlfn.POISSON.DIST(K144,$F140, FALSE) -> 0.0004398591
D146: Team 2 | E146: =_xlfn.POISSON.DIST(E144,$G140, FALSE) -> 0.5132406 | F146: =_xlfn.POISSON.DIST(F144,$G140, FALSE) -> 0.34233689 | G146: =_xlfn.POISSON.DIST(G144,$G140, FALSE) -> 0.11417115 | H146: =_xlfn.POISSON.DIST(H144,$G140, FALSE) -> 0.025384454 | I146: =_xlfn.POISSON.DIST(I144,$G140, FALSE) -> 0.0042329245 | J146: =_xlfn.POISSON.DIST(J144,$G140, FALSE) -> 0.00056468105 | K146: =_xlfn.POISSON.DIST(K144,$G140, FALSE) -> 6.2774701e-05
D151: Prob
E152: Team 1
D153: Team 2 | E153: 0 | F153: 1 | G153: 2 | H153: 3 | I153: 4 | J153: 5 | K153: 6
D154: 0 | E154: =E145*E146 -> 0.1944501 | F154: =F145*E146 -> 0.18872727 | G154: =G145*E146 -> 0.091586434 | H154: =H145*E146 -> 0.029630323 | I154: =I145*E146 -> 0.0071895693 | J154: =J145*E146 -> 0.0013955948 | K154: =K145*E146 -> 0.00022575355
D155: 1 | E155: =E145*F146 -> 0.12970027 | F155: =F145*F146 -> 0.12588308 | G155: =G145*F146 -> 0.061089116 | H155: =H145*F146 -> 0.019763737 | I155: =I145*F146 -> 0.0047955184 | J155: =F146*J145 -> 0.00093087645 | K155: =F146*K145 -> 0.00015057999
D156: 2 | E156: =E145*G146 -> 0.043255722 | F156: =G146*F145 -> 0.041982669 | G156: =G145*G146 -> 0.020373542 | H156: =G146*H145 -> 0.0065913104 | I156: =G146*I145 -> 0.0015993306 | J156: =J145*G146 -> 0.0003104522 | K156: =K145*G146 -> 5.0219221e-05
D157: 3 | E157: =E145*H146 -> 0.0096173407 | F157: =H146*F145 -> 0.0093342942 | G157: =H146*G145 -> 0.004529789 | H157: =H145*H146 -> 0.0014654911 | I157: =H146*I145 -> 0.00035559012 | J157: =H146*J145 -> 6.9024961e-05 | K157: =H146*K145 -> 1.1165583e-05
D158: 4 | E158: =E145*I146 -> 0.0016037169 | F158: =F145*I146 -> 0.0015565181 | G158: =I146*G145 -> 0.00075535424 | H158: =I146*H145 -> 0.00024437451 | I158: =I145*I146 -> 5.9295589e-05 | J158: =I146*J145 -> 1.1510094e-05 | K158: =I146*K145 -> 1.8618904e-06
D159: 5 | E159: =E145*J146 -> 0.00021393921 | F159: =J146*F145 -> 0.0002076428 | G159: =J146*G145 -> 0.00010076585 | H159: =J146*H145 -> 3.2600074e-05 | I159: =J146*I145 -> 7.9101565e-06 | J159: =J145*J146 -> 1.5354708e-06 | K159: =J146*K145 -> 2.4838009e-07
D160: 6 | E160: =E145*K146 -> 2.3783284e-05 | F160: =K146*F145 -> 2.3083322e-05 | G160: =K146*G145 -> 1.120198e-05 | H160: =K146*H145 -> 3.6240988e-06 | I160: =K146*I145 -> 8.7935961e-07 | J160: =K146*J145 -> 1.7069586e-07 | K160: =K146*K145 -> 2.7612023e-08
J162: Sum | K162: =SUM(E154:K160) -> 0.99992421
C169: Game 6
F171: Score Predictor | I171: Team 1 | J171: Draw | K171: Team 2
D172: Team 1 | E172: Team 2 | F172: Team 1 | G172: Team 2 | I172: =SUM(F187:K187, G188:K188,H189:K189,I190:K190,J191:K191,K192)/K195 -> 0.45404344 | J172: =SUM(E187,F188,G189,H190,I191,J192,K193)/K195 -> 0.31372302 | K172: =SUM(E188:E193,F189:F193,G190:G193,H191:H193,I192:I193,J193)/K195 -> 0.23223354
